Gene,Nucleotide position,Protein position,Accession number,Gnom AD frequency,Country,Publication Year,Reference,"ACMG
 (Intervar)*",transcript_stable_id,ref_protein_seq,NM_acc,DNA_coords,ensembl_id,Reference_lists
GCK,c.880_891delinsCATGGCGAGCTGGTGT,p.Gly294HisfsTer179),"NM_001354800.1
 NP_001341729.1",,Argentina,2016,-8,,,MLDDRARMEAAKKEKVEQILAEFQLQEEDLKKVMRRMQKEMDRGLRLETHEEASVKMLPTYVRSTPEGSEVGDFLSLDLGGTNFRVMLVKVGEGEEGQWSVKTKHQMYSIPEDAMTGTAEMLFDYISECISDFLDKHQMKHKKLPLGFTFSFPVRHEDIDKGILLNWTKGFKASGAEGNNVVGLLRDAIKRRGDFEMDVVAMVNDTVATMISCYYEDHQCEVGMIVGTGCNACYMEEMQNVELVEGDEGRMCVNTEWGAFGDSGELDEFLLEYDRLVDESSANPGQQLYEKLIGGKYMGELVRLVLLRLVDENLLFHGEASEQLRTRGAFETRFVSQVESDTGDRKQIYNILSTLGLRPSTTDCDIVRRACESVSTRAAHMCSAGLAGVINRMRESRSEDVMRITVGVDGSVYKLHPSFKERFHASVRRLTPSCEITFIESEEGSGRGAALVSAVA;MLDDRARMEAAKKEKVEQILAEFQLQEEDLKKVMRRMQKEMDRGLRLETHEEASVKMLPTYVRSTPEGSEVGDFLSLDLGGTNFRVMLVKVGEGEEGQWSVKTKHQMYSIPEDAMTGTAEMLFDYISECISDFLDKHQMKHKKLPLGFTFSFPVRHEDIDKGILLNWTKGFKASGAEGNNVVGLLRDAIKRRGDFEMDVVAMVNDTVATMISCYYEDHQCEVGMIVGTGCNACYMEEMQNVELVEGDEGRMCVNTEWGAFGDSGELDEFLLEYDRLVDESSANPGQQLYEKLIGGKYMGELVRLVLLRLVDENLLFHGEASEQLRTRGAFETRFVSQVESDTGDRKQIYNILSTLGLRPSTTDCDIVRRACESVSTRAAHMCSAGLAGVINRMRESRSEDVMRITVGVDGSVYKLHPSFKERFHASVRRLTPSCEITFIESEEGSGRGAALVSAVA,NM_001354800.1,NC_000007.14:g.44146591_44146602delinsACACCAGCTCGCCATG,,[8]
GCK,32insC(33)intron3,,NaN,,Germany,2004,-31,,,,,None,,[31]
GCK,39insC(40)intron3,,NaN,,Germany,,-31,,,,,None,,[31]
GCK,c.46-15_46-11del nsGGGAGGG,,NaN,,USA,2010,-36,,,,,None,,[36]
GCK,c.-457C > T,,"NM_001354800.1
 NP_001341729.1",3.18E-05,Tunisia,2018,-48,,,MLDDRARMEAAKKEKVEQILAEFQLQEEDLKKVMRRMQKEMDRGLRLETHEEASVKMLPTYVRSTPEGSEVGDFLSLDLGGTNFRVMLVKVGEGEEGQWSVKTKHQMYSIPEDAMTGTAEMLFDYISECISDFLDKHQMKHKKLPLGFTFSFPVRHEDIDKGILLNWTKGFKASGAEGNNVVGLLRDAIKRRGDFEMDVVAMVNDTVATMISCYYEDHQCEVGMIVGTGCNACYMEEMQNVELVEGDEGRMCVNTEWGAFGDSGELDEFLLEYDRLVDESSANPGQQLYEKLIGGKYMGELVRLVLLRLVDENLLFHGEASEQLRTRGAFETRFVSQVESDTGDRKQIYNILSTLGLRPSTTDCDIVRRACESVSTRAAHMCSAGLAGVINRMRESRSEDVMRITVGVDGSVYKLHPSFKERFHASVRRLTPSCEITFIESEEGSGRGAALVSAVA;MLDDRARMEAAKKEKVEQILAEFQLQEEDLKKVMRRMQKEMDRGLRLETHEEASVKMLPTYVRSTPEGSEVGDFLSLDLGGTNFRVMLVKVGEGEEGQWSVKTKHQMYSIPEDAMTGTAEMLFDYISECISDFLDKHQMKHKKLPLGFTFSFPVRHEDIDKGILLNWTKGFKASGAEGNNVVGLLRDAIKRRGDFEMDVVAMVNDTVATMISCYYEDHQCEVGMIVGTGCNACYMEEMQNVELVEGDEGRMCVNTEWGAFGDSGELDEFLLEYDRLVDESSANPGQQLYEKLIGGKYMGELVRLVLLRLVDENLLFHGEASEQLRTRGAFETRFVSQVESDTGDRKQIYNILSTLGLRPSTTDCDIVRRACESVSTRAAHMCSAGLAGVINRMRESRSEDVMRITVGVDGSVYKLHPSFKERFHASVRRLTPSCEITFIESEEGSGRGAALVSAVA,NM_001354800.1,NC_000007.14:g.44189410G>A,,[48]
GCK,c.110T>C,p.Met37Thr,"NM_001354800.1
 NP_001341729.1",,Brazil,2017,-50,VUS,,MLDDRARMEAAKKEKVEQILAEFQLQEEDLKKVMRRMQKEMDRGLRLETHEEASVKMLPTYVRSTPEGSEVGDFLSLDLGGTNFRVMLVKVGEGEEGQWSVKTKHQMYSIPEDAMTGTAEMLFDYISECISDFLDKHQMKHKKLPLGFTFSFPVRHEDIDKGILLNWTKGFKASGAEGNNVVGLLRDAIKRRGDFEMDVVAMVNDTVATMISCYYEDHQCEVGMIVGTGCNACYMEEMQNVELVEGDEGRMCVNTEWGAFGDSGELDEFLLEYDRLVDESSANPGQQLYEKLIGGKYMGELVRLVLLRLVDENLLFHGEASEQLRTRGAFETRFVSQVESDTGDRKQIYNILSTLGLRPSTTDCDIVRRACESVSTRAAHMCSAGLAGVINRMRESRSEDVMRITVGVDGSVYKLHPSFKERFHASVRRLTPSCEITFIESEEGSGRGAALVSAVA;MLDDRARMEAAKKEKVEQILAEFQLQEEDLKKVMRRMQKEMDRGLRLETHEEASVKMLPTYVRSTPEGSEVGDFLSLDLGGTNFRVMLVKVGEGEEGQWSVKTKHQMYSIPEDAMTGTAEMLFDYISECISDFLDKHQMKHKKLPLGFTFSFPVRHEDIDKGILLNWTKGFKASGAEGNNVVGLLRDAIKRRGDFEMDVVAMVNDTVATMISCYYEDHQCEVGMIVGTGCNACYMEEMQNVELVEGDEGRMCVNTEWGAFGDSGELDEFLLEYDRLVDESSANPGQQLYEKLIGGKYMGELVRLVLLRLVDENLLFHGEASEQLRTRGAFETRFVSQVESDTGDRKQIYNILSTLGLRPSTTDCDIVRRACESVSTRAAHMCSAGLAGVINRMRESRSEDVMRITVGVDGSVYKLHPSFKERFHASVRRLTPSCEITFIESEEGSGRGAALVSAVA,NM_001354800.1,NC_000007.14:g.44153399A>G,,[50]
GCK,c.326delC,p.Ile110Serfs*6,"NM_001354800.1
 NP_001341729.1",,Brazil,,-50,,,MLDDRARMEAAKKEKVEQILAEFQLQEEDLKKVMRRMQKEMDRGLRLETHEEASVKMLPTYVRSTPEGSEVGDFLSLDLGGTNFRVMLVKVGEGEEGQWSVKTKHQMYSIPEDAMTGTAEMLFDYISECISDFLDKHQMKHKKLPLGFTFSFPVRHEDIDKGILLNWTKGFKASGAEGNNVVGLLRDAIKRRGDFEMDVVAMVNDTVATMISCYYEDHQCEVGMIVGTGCNACYMEEMQNVELVEGDEGRMCVNTEWGAFGDSGELDEFLLEYDRLVDESSANPGQQLYEKLIGGKYMGELVRLVLLRLVDENLLFHGEASEQLRTRGAFETRFVSQVESDTGDRKQIYNILSTLGLRPSTTDCDIVRRACESVSTRAAHMCSAGLAGVINRMRESRSEDVMRITVGVDGSVYKLHPSFKERFHASVRRLTPSCEITFIESEEGSGRGAALVSAVA;MLDDRARMEAAKKEKVEQILAEFQLQEEDLKKVMRRMQKEMDRGLRLETHEEASVKMLPTYVRSTPEGSEVGDFLSLDLGGTNFRVMLVKVGEGEEGQWSVKTKHQMYSIPEDAMTGTAEMLFDYISECISDFLDKHQMKHKKLPLGFTFSFPVRHEDIDKGILLNWTKGFKASGAEGNNVVGLLRDAIKRRGDFEMDVVAMVNDTVATMISCYYEDHQCEVGMIVGTGCNACYMEEMQNVELVEGDEGRMCVNTEWGAFGDSGELDEFLLEYDRLVDESSANPGQQLYEKLIGGKYMGELVRLVLLRLVDENLLFHGEASEQLRTRGAFETRFVSQVESDTGDRKQIYNILSTLGLRPSTTDCDIVRRACESVSTRAAHMCSAGLAGVINRMRESRSEDVMRITVGVDGSVYKLHPSFKERFHASVRRLTPSCEITFIESEEGSGRGAALVSAVA,NM_001354800.1,NC_000007.14:g.44152308del,,[50]
GCK,c.418A>G,p.Lys140Glu,"NM_001354800.1
 NP_001341729.1",,Brazil,,-50,VUS,,MLDDRARMEAAKKEKVEQILAEFQLQEEDLKKVMRRMQKEMDRGLRLETHEEASVKMLPTYVRSTPEGSEVGDFLSLDLGGTNFRVMLVKVGEGEEGQWSVKTKHQMYSIPEDAMTGTAEMLFDYISECISDFLDKHQMKHKKLPLGFTFSFPVRHEDIDKGILLNWTKGFKASGAEGNNVVGLLRDAIKRRGDFEMDVVAMVNDTVATMISCYYEDHQCEVGMIVGTGCNACYMEEMQNVELVEGDEGRMCVNTEWGAFGDSGELDEFLLEYDRLVDESSANPGQQLYEKLIGGKYMGELVRLVLLRLVDENLLFHGEASEQLRTRGAFETRFVSQVESDTGDRKQIYNILSTLGLRPSTTDCDIVRRACESVSTRAAHMCSAGLAGVINRMRESRSEDVMRITVGVDGSVYKLHPSFKERFHASVRRLTPSCEITFIESEEGSGRGAALVSAVA;MLDDRARMEAAKKEKVEQILAEFQLQEEDLKKVMRRMQKEMDRGLRLETHEEASVKMLPTYVRSTPEGSEVGDFLSLDLGGTNFRVMLVKVGEGEEGQWSVKTKHQMYSIPEDAMTGTAEMLFDYISECISDFLDKHQMKHKKLPLGFTFSFPVRHEDIDKGILLNWTKGFKASGAEGNNVVGLLRDAIKRRGDFEMDVVAMVNDTVATMISCYYEDHQCEVGMIVGTGCNACYMEEMQNVELVEGDEGRMCVNTEWGAFGDSGELDEFLLEYDRLVDESSANPGQQLYEKLIGGKYMGELVRLVLLRLVDENLLFHGEASEQLRTRGAFETRFVSQVESDTGDRKQIYNILSTLGLRPSTTDCDIVRRACESVSTRAAHMCSAGLAGVINRMRESRSEDVMRITVGVDGSVYKLHPSFKERFHASVRRLTPSCEITFIESEEGSGRGAALVSAVA,NM_001354800.1,NC_000007.14:g.44151021T>C,,[50]
GCK,c.505A>G,p.Lys169Glu,"NM_001354800.1
 NP_001341729.1",,Brazil,,-50,VUS,,MLDDRARMEAAKKEKVEQILAEFQLQEEDLKKVMRRMQKEMDRGLRLETHEEASVKMLPTYVRSTPEGSEVGDFLSLDLGGTNFRVMLVKVGEGEEGQWSVKTKHQMYSIPEDAMTGTAEMLFDYISECISDFLDKHQMKHKKLPLGFTFSFPVRHEDIDKGILLNWTKGFKASGAEGNNVVGLLRDAIKRRGDFEMDVVAMVNDTVATMISCYYEDHQCEVGMIVGTGCNACYMEEMQNVELVEGDEGRMCVNTEWGAFGDSGELDEFLLEYDRLVDESSANPGQQLYEKLIGGKYMGELVRLVLLRLVDENLLFHGEASEQLRTRGAFETRFVSQVESDTGDRKQIYNILSTLGLRPSTTDCDIVRRACESVSTRAAHMCSAGLAGVINRMRESRSEDVMRITVGVDGSVYKLHPSFKERFHASVRRLTPSCEITFIESEEGSGRGAALVSAVA;MLDDRARMEAAKKEKVEQILAEFQLQEEDLKKVMRRMQKEMDRGLRLETHEEASVKMLPTYVRSTPEGSEVGDFLSLDLGGTNFRVMLVKVGEGEEGQWSVKTKHQMYSIPEDAMTGTAEMLFDYISECISDFLDKHQMKHKKLPLGFTFSFPVRHEDIDKGILLNWTKGFKASGAEGNNVVGLLRDAIKRRGDFEMDVVAMVNDTVATMISCYYEDHQCEVGMIVGTGCNACYMEEMQNVELVEGDEGRMCVNTEWGAFGDSGELDEFLLEYDRLVDESSANPGQQLYEKLIGGKYMGELVRLVLLRLVDENLLFHGEASEQLRTRGAFETRFVSQVESDTGDRKQIYNILSTLGLRPSTTDCDIVRRACESVSTRAAHMCSAGLAGVINRMRESRSEDVMRITVGVDGSVYKLHPSFKERFHASVRRLTPSCEITFIESEEGSGRGAALVSAVA,NM_001354800.1,NC_000007.14:g.44150043T>C,,[50]
GCK,c.580-3C>A,,"NM_001354800.1
 NP_001341729.1",,Brazil,,-50,,,MLDDRARMEAAKKEKVEQILAEFQLQEEDLKKVMRRMQKEMDRGLRLETHEEASVKMLPTYVRSTPEGSEVGDFLSLDLGGTNFRVMLVKVGEGEEGQWSVKTKHQMYSIPEDAMTGTAEMLFDYISECISDFLDKHQMKHKKLPLGFTFSFPVRHEDIDKGILLNWTKGFKASGAEGNNVVGLLRDAIKRRGDFEMDVVAMVNDTVATMISCYYEDHQCEVGMIVGTGCNACYMEEMQNVELVEGDEGRMCVNTEWGAFGDSGELDEFLLEYDRLVDESSANPGQQLYEKLIGGKYMGELVRLVLLRLVDENLLFHGEASEQLRTRGAFETRFVSQVESDTGDRKQIYNILSTLGLRPSTTDCDIVRRACESVSTRAAHMCSAGLAGVINRMRESRSEDVMRITVGVDGSVYKLHPSFKERFHASVRRLTPSCEITFIESEEGSGRGAALVSAVA;MLDDRARMEAAKKEKVEQILAEFQLQEEDLKKVMRRMQKEMDRGLRLETHEEASVKMLPTYVRSTPEGSEVGDFLSLDLGGTNFRVMLVKVGEGEEGQWSVKTKHQMYSIPEDAMTGTAEMLFDYISECISDFLDKHQMKHKKLPLGFTFSFPVRHEDIDKGILLNWTKGFKASGAEGNNVVGLLRDAIKRRGDFEMDVVAMVNDTVATMISCYYEDHQCEVGMIVGTGCNACYMEEMQNVELVEGDEGRMCVNTEWGAFGDSGELDEFLLEYDRLVDESSANPGQQLYEKLIGGKYMGELVRLVLLRLVDENLLFHGEASEQLRTRGAFETRFVSQVESDTGDRKQIYNILSTLGLRPSTTDCDIVRRACESVSTRAAHMCSAGLAGVINRMRESRSEDVMRITVGVDGSVYKLHPSFKERFHASVRRLTPSCEITFIESEEGSGRGAALVSAVA,NM_001354800.1,NC_000007.14:g.44149862G>T,,[50]
GCK,c.767A>C,p.Glu256Ala,"NM_001354800.1
 NP_001341729.1",,Brazil,,-50,VUS,,MLDDRARMEAAKKEKVEQILAEFQLQEEDLKKVMRRMQKEMDRGLRLETHEEASVKMLPTYVRSTPEGSEVGDFLSLDLGGTNFRVMLVKVGEGEEGQWSVKTKHQMYSIPEDAMTGTAEMLFDYISECISDFLDKHQMKHKKLPLGFTFSFPVRHEDIDKGILLNWTKGFKASGAEGNNVVGLLRDAIKRRGDFEMDVVAMVNDTVATMISCYYEDHQCEVGMIVGTGCNACYMEEMQNVELVEGDEGRMCVNTEWGAFGDSGELDEFLLEYDRLVDESSANPGQQLYEKLIGGKYMGELVRLVLLRLVDENLLFHGEASEQLRTRGAFETRFVSQVESDTGDRKQIYNILSTLGLRPSTTDCDIVRRACESVSTRAAHMCSAGLAGVINRMRESRSEDVMRITVGVDGSVYKLHPSFKERFHASVRRLTPSCEITFIESEEGSGRGAALVSAVA;MLDDRARMEAAKKEKVEQILAEFQLQEEDLKKVMRRMQKEMDRGLRLETHEEASVKMLPTYVRSTPEGSEVGDFLSLDLGGTNFRVMLVKVGEGEEGQWSVKTKHQMYSIPEDAMTGTAEMLFDYISECISDFLDKHQMKHKKLPLGFTFSFPVRHEDIDKGILLNWTKGFKASGAEGNNVVGLLRDAIKRRGDFEMDVVAMVNDTVATMISCYYEDHQCEVGMIVGTGCNACYMEEMQNVELVEGDEGRMCVNTEWGAFGDSGELDEFLLEYDRLVDESSANPGQQLYEKLIGGKYMGELVRLVLLRLVDENLLFHGEASEQLRTRGAFETRFVSQVESDTGDRKQIYNILSTLGLRPSTTDCDIVRRACESVSTRAAHMCSAGLAGVINRMRESRSEDVMRITVGVDGSVYKLHPSFKERFHASVRRLTPSCEITFIESEEGSGRGAALVSAVA,NM_001354800.1,NC_000007.14:g.44147746T>G,,[50]
GCK,c.791G>A,p.Gly264Asp,"NM_001354800.1
 NP_001341729.1",,Brazil,,-50,VUS,,MLDDRARMEAAKKEKVEQILAEFQLQEEDLKKVMRRMQKEMDRGLRLETHEEASVKMLPTYVRSTPEGSEVGDFLSLDLGGTNFRVMLVKVGEGEEGQWSVKTKHQMYSIPEDAMTGTAEMLFDYISECISDFLDKHQMKHKKLPLGFTFSFPVRHEDIDKGILLNWTKGFKASGAEGNNVVGLLRDAIKRRGDFEMDVVAMVNDTVATMISCYYEDHQCEVGMIVGTGCNACYMEEMQNVELVEGDEGRMCVNTEWGAFGDSGELDEFLLEYDRLVDESSANPGQQLYEKLIGGKYMGELVRLVLLRLVDENLLFHGEASEQLRTRGAFETRFVSQVESDTGDRKQIYNILSTLGLRPSTTDCDIVRRACESVSTRAAHMCSAGLAGVINRMRESRSEDVMRITVGVDGSVYKLHPSFKERFHASVRRLTPSCEITFIESEEGSGRGAALVSAVA;MLDDRARMEAAKKEKVEQILAEFQLQEEDLKKVMRRMQKEMDRGLRLETHEEASVKMLPTYVRSTPEGSEVGDFLSLDLGGTNFRVMLVKVGEGEEGQWSVKTKHQMYSIPEDAMTGTAEMLFDYISECISDFLDKHQMKHKKLPLGFTFSFPVRHEDIDKGILLNWTKGFKASGAEGNNVVGLLRDAIKRRGDFEMDVVAMVNDTVATMISCYYEDHQCEVGMIVGTGCNACYMEEMQNVELVEGDEGRMCVNTEWGAFGDSGELDEFLLEYDRLVDESSANPGQQLYEKLIGGKYMGELVRLVLLRLVDENLLFHGEASEQLRTRGAFETRFVSQVESDTGDRKQIYNILSTLGLRPSTTDCDIVRRACESVSTRAAHMCSAGLAGVINRMRESRSEDVMRITVGVDGSVYKLHPSFKERFHASVRRLTPSCEITFIESEEGSGRGAALVSAVA,NM_001354800.1,NC_000007.14:g.44147722C>T,,[50]
GCK,"c.1106_1111dup,",p.Cys371Serfs*33,"NM_001354800.1
 NP_001341729.1",,Brazil,,-50,,,MLDDRARMEAAKKEKVEQILAEFQLQEEDLKKVMRRMQKEMDRGLRLETHEEASVKMLPTYVRSTPEGSEVGDFLSLDLGGTNFRVMLVKVGEGEEGQWSVKTKHQMYSIPEDAMTGTAEMLFDYISECISDFLDKHQMKHKKLPLGFTFSFPVRHEDIDKGILLNWTKGFKASGAEGNNVVGLLRDAIKRRGDFEMDVVAMVNDTVATMISCYYEDHQCEVGMIVGTGCNACYMEEMQNVELVEGDEGRMCVNTEWGAFGDSGELDEFLLEYDRLVDESSANPGQQLYEKLIGGKYMGELVRLVLLRLVDENLLFHGEASEQLRTRGAFETRFVSQVESDTGDRKQIYNILSTLGLRPSTTDCDIVRRACESVSTRAAHMCSAGLAGVINRMRESRSEDVMRITVGVDGSVYKLHPSFKERFHASVRRLTPSCEITFIESEEGSGRGAALVSAVA;MLDDRARMEAAKKEKVEQILAEFQLQEEDLKKVMRRMQKEMDRGLRLETHEEASVKMLPTYVRSTPEGSEVGDFLSLDLGGTNFRVMLVKVGEGEEGQWSVKTKHQMYSIPEDAMTGTAEMLFDYISECISDFLDKHQMKHKKLPLGFTFSFPVRHEDIDKGILLNWTKGFKASGAEGNNVVGLLRDAIKRRGDFEMDVVAMVNDTVATMISCYYEDHQCEVGMIVGTGCNACYMEEMQNVELVEGDEGRMCVNTEWGAFGDSGELDEFLLEYDRLVDESSANPGQQLYEKLIGGKYMGELVRLVLLRLVDENLLFHGEASEQLRTRGAFETRFVSQVESDTGDRKQIYNILSTLGLRPSTTDCDIVRRACESVSTRAAHMCSAGLAGVINRMRESRSEDVMRITVGVDGSVYKLHPSFKERFHASVRRLTPSCEITFIESEEGSGRGAALVSAVA,NM_001354800.1,NC_000007.14:g.44145639_44145644dup,,[50]
GCK,"c.1135_1154del;1134_1135ins9,",p.His380GlyfsTer85,"NM_001354800.1
 NP_001341729.1",,Brazil,,-50,,,MLDDRARMEAAKKEKVEQILAEFQLQEEDLKKVMRRMQKEMDRGLRLETHEEASVKMLPTYVRSTPEGSEVGDFLSLDLGGTNFRVMLVKVGEGEEGQWSVKTKHQMYSIPEDAMTGTAEMLFDYISECISDFLDKHQMKHKKLPLGFTFSFPVRHEDIDKGILLNWTKGFKASGAEGNNVVGLLRDAIKRRGDFEMDVVAMVNDTVATMISCYYEDHQCEVGMIVGTGCNACYMEEMQNVELVEGDEGRMCVNTEWGAFGDSGELDEFLLEYDRLVDESSANPGQQLYEKLIGGKYMGELVRLVLLRLVDENLLFHGEASEQLRTRGAFETRFVSQVESDTGDRKQIYNILSTLGLRPSTTDCDIVRRACESVSTRAAHMCSAGLAGVINRMRESRSEDVMRITVGVDGSVYKLHPSFKERFHASVRRLTPSCEITFIESEEGSGRGAALVSAVA;MLDDRARMEAAKKEKVEQILAEFQLQEEDLKKVMRRMQKEMDRGLRLETHEEASVKMLPTYVRSTPEGSEVGDFLSLDLGGTNFRVMLVKVGEGEEGQWSVKTKHQMYSIPEDAMTGTAEMLFDYISECISDFLDKHQMKHKKLPLGFTFSFPVRHEDIDKGILLNWTKGFKASGAEGNNVVGLLRDAIKRRGDFEMDVVAMVNDTVATMISCYYEDHQCEVGMIVGTGCNACYMEEMQNVELVEGDEGRMCVNTEWGAFGDSGELDEFLLEYDRLVDESSANPGQQLYEKLIGGKYMGELVRLVLLRLVDENLLFHGEASEQLRTRGAFETRFVSQVESDTGDRKQIYNILSTLGLRPSTTDCDIVRRACESVSTRAAHMCSAGLAGVINRMRESRSEDVMRITVGVDGSVYKLHPSFKERFHASVRRLTPSCEITFIESEEGSGRGAALVSAVA,NM_001354800.1,None,,[50]
GCK,c.1226delA,p.Asp409Valfs*22,"NM_001354800.1
 NP_001341729.1",,Brazil,,-50,,,MLDDRARMEAAKKEKVEQILAEFQLQEEDLKKVMRRMQKEMDRGLRLETHEEASVKMLPTYVRSTPEGSEVGDFLSLDLGGTNFRVMLVKVGEGEEGQWSVKTKHQMYSIPEDAMTGTAEMLFDYISECISDFLDKHQMKHKKLPLGFTFSFPVRHEDIDKGILLNWTKGFKASGAEGNNVVGLLRDAIKRRGDFEMDVVAMVNDTVATMISCYYEDHQCEVGMIVGTGCNACYMEEMQNVELVEGDEGRMCVNTEWGAFGDSGELDEFLLEYDRLVDESSANPGQQLYEKLIGGKYMGELVRLVLLRLVDENLLFHGEASEQLRTRGAFETRFVSQVESDTGDRKQIYNILSTLGLRPSTTDCDIVRRACESVSTRAAHMCSAGLAGVINRMRESRSEDVMRITVGVDGSVYKLHPSFKERFHASVRRLTPSCEITFIESEEGSGRGAALVSAVA;MLDDRARMEAAKKEKVEQILAEFQLQEEDLKKVMRRMQKEMDRGLRLETHEEASVKMLPTYVRSTPEGSEVGDFLSLDLGGTNFRVMLVKVGEGEEGQWSVKTKHQMYSIPEDAMTGTAEMLFDYISECISDFLDKHQMKHKKLPLGFTFSFPVRHEDIDKGILLNWTKGFKASGAEGNNVVGLLRDAIKRRGDFEMDVVAMVNDTVATMISCYYEDHQCEVGMIVGTGCNACYMEEMQNVELVEGDEGRMCVNTEWGAFGDSGELDEFLLEYDRLVDESSANPGQQLYEKLIGGKYMGELVRLVLLRLVDENLLFHGEASEQLRTRGAFETRFVSQVESDTGDRKQIYNILSTLGLRPSTTDCDIVRRACESVSTRAAHMCSAGLAGVINRMRESRSEDVMRITVGVDGSVYKLHPSFKERFHASVRRLTPSCEITFIESEEGSGRGAALVSAVA,NM_001354800.1,NC_000007.14:g.44145524del,,[50]
GCK,c.1247delA,p.His416Profs*15,"NM_001354800.1
 NP_001341729.1",,Brazil,,-50,,,MLDDRARMEAAKKEKVEQILAEFQLQEEDLKKVMRRMQKEMDRGLRLETHEEASVKMLPTYVRSTPEGSEVGDFLSLDLGGTNFRVMLVKVGEGEEGQWSVKTKHQMYSIPEDAMTGTAEMLFDYISECISDFLDKHQMKHKKLPLGFTFSFPVRHEDIDKGILLNWTKGFKASGAEGNNVVGLLRDAIKRRGDFEMDVVAMVNDTVATMISCYYEDHQCEVGMIVGTGCNACYMEEMQNVELVEGDEGRMCVNTEWGAFGDSGELDEFLLEYDRLVDESSANPGQQLYEKLIGGKYMGELVRLVLLRLVDENLLFHGEASEQLRTRGAFETRFVSQVESDTGDRKQIYNILSTLGLRPSTTDCDIVRRACESVSTRAAHMCSAGLAGVINRMRESRSEDVMRITVGVDGSVYKLHPSFKERFHASVRRLTPSCEITFIESEEGSGRGAALVSAVA;MLDDRARMEAAKKEKVEQILAEFQLQEEDLKKVMRRMQKEMDRGLRLETHEEASVKMLPTYVRSTPEGSEVGDFLSLDLGGTNFRVMLVKVGEGEEGQWSVKTKHQMYSIPEDAMTGTAEMLFDYISECISDFLDKHQMKHKKLPLGFTFSFPVRHEDIDKGILLNWTKGFKASGAEGNNVVGLLRDAIKRRGDFEMDVVAMVNDTVATMISCYYEDHQCEVGMIVGTGCNACYMEEMQNVELVEGDEGRMCVNTEWGAFGDSGELDEFLLEYDRLVDESSANPGQQLYEKLIGGKYMGELVRLVLLRLVDENLLFHGEASEQLRTRGAFETRFVSQVESDTGDRKQIYNILSTLGLRPSTTDCDIVRRACESVSTRAAHMCSAGLAGVINRMRESRSEDVMRITVGVDGSVYKLHPSFKERFHASVRRLTPSCEITFIESEEGSGRGAALVSAVA,NM_001354800.1,NC_000007.14:g.44145503del,,[50]
GCK,c.616A > G,p.Thr206Ala,"NM_001354800.1
 NP_001341729.1
 (24405491)",,India,2014,-52,LP,,MLDDRARMEAAKKEKVEQILAEFQLQEEDLKKVMRRMQKEMDRGLRLETHEEASVKMLPTYVRSTPEGSEVGDFLSLDLGGTNFRVMLVKVGEGEEGQWSVKTKHQMYSIPEDAMTGTAEMLFDYISECISDFLDKHQMKHKKLPLGFTFSFPVRHEDIDKGILLNWTKGFKASGAEGNNVVGLLRDAIKRRGDFEMDVVAMVNDTVATMISCYYEDHQCEVGMIVGTGCNACYMEEMQNVELVEGDEGRMCVNTEWGAFGDSGELDEFLLEYDRLVDESSANPGQQLYEKLIGGKYMGELVRLVLLRLVDENLLFHGEASEQLRTRGAFETRFVSQVESDTGDRKQIYNILSTLGLRPSTTDCDIVRRACESVSTRAAHMCSAGLAGVINRMRESRSEDVMRITVGVDGSVYKLHPSFKERFHASVRRLTPSCEITFIESEEGSGRGAALVSAVA;MLDDRARMEAAKKEKVEQILAEFQLQEEDLKKVMRRMQKEMDRGLRLETHEEASVKMLPTYVRSTPEGSEVGDFLSLDLGGTNFRVMLVKVGEGEEGQWSVKTKHQMYSIPEDAMTGTAEMLFDYISECISDFLDKHQMKHKKLPLGFTFSFPVRHEDIDKGILLNWTKGFKASGAEGNNVVGLLRDAIKRRGDFEMDVVAMVNDTVATMISCYYEDHQCEVGMIVGTGCNACYMEEMQNVELVEGDEGRMCVNTEWGAFGDSGELDEFLLEYDRLVDESSANPGQQLYEKLIGGKYMGELVRLVLLRLVDENLLFHGEASEQLRTRGAFETRFVSQVESDTGDRKQIYNILSTLGLRPSTTDCDIVRRACESVSTRAAHMCSAGLAGVINRMRESRSEDVMRITVGVDGSVYKLHPSFKERFHASVRRLTPSCEITFIESEEGSGRGAALVSAVA,NM_001354800.1,NC_000007.14:g.44149823T>C,,[52]
GCK,c.1257-20_1315del,,"NM_001354800.1
 NP_001341729.1",,Korea,2018,-60,,,MLDDRARMEAAKKEKVEQILAEFQLQEEDLKKVMRRMQKEMDRGLRLETHEEASVKMLPTYVRSTPEGSEVGDFLSLDLGGTNFRVMLVKVGEGEEGQWSVKTKHQMYSIPEDAMTGTAEMLFDYISECISDFLDKHQMKHKKLPLGFTFSFPVRHEDIDKGILLNWTKGFKASGAEGNNVVGLLRDAIKRRGDFEMDVVAMVNDTVATMISCYYEDHQCEVGMIVGTGCNACYMEEMQNVELVEGDEGRMCVNTEWGAFGDSGELDEFLLEYDRLVDESSANPGQQLYEKLIGGKYMGELVRLVLLRLVDENLLFHGEASEQLRTRGAFETRFVSQVESDTGDRKQIYNILSTLGLRPSTTDCDIVRRACESVSTRAAHMCSAGLAGVINRMRESRSEDVMRITVGVDGSVYKLHPSFKERFHASVRRLTPSCEITFIESEEGSGRGAALVSAVA;MLDDRARMEAAKKEKVEQILAEFQLQEEDLKKVMRRMQKEMDRGLRLETHEEASVKMLPTYVRSTPEGSEVGDFLSLDLGGTNFRVMLVKVGEGEEGQWSVKTKHQMYSIPEDAMTGTAEMLFDYISECISDFLDKHQMKHKKLPLGFTFSFPVRHEDIDKGILLNWTKGFKASGAEGNNVVGLLRDAIKRRGDFEMDVVAMVNDTVATMISCYYEDHQCEVGMIVGTGCNACYMEEMQNVELVEGDEGRMCVNTEWGAFGDSGELDEFLLEYDRLVDESSANPGQQLYEKLIGGKYMGELVRLVLLRLVDENLLFHGEASEQLRTRGAFETRFVSQVESDTGDRKQIYNILSTLGLRPSTTDCDIVRRACESVSTRAAHMCSAGLAGVINRMRESRSEDVMRITVGVDGSVYKLHPSFKERFHASVRRLTPSCEITFIESEEGSGRGAALVSAVA,NM_001354800.1,NC_000007.14:g.44145219_44145297del,,[60]
GCK,c.1334 G>C,p.Ser445Thr,"NM_001354800.1
 NP_001341729.1",,China,2019,-69,VUS,,MLDDRARMEAAKKEKVEQILAEFQLQEEDLKKVMRRMQKEMDRGLRLETHEEASVKMLPTYVRSTPEGSEVGDFLSLDLGGTNFRVMLVKVGEGEEGQWSVKTKHQMYSIPEDAMTGTAEMLFDYISECISDFLDKHQMKHKKLPLGFTFSFPVRHEDIDKGILLNWTKGFKASGAEGNNVVGLLRDAIKRRGDFEMDVVAMVNDTVATMISCYYEDHQCEVGMIVGTGCNACYMEEMQNVELVEGDEGRMCVNTEWGAFGDSGELDEFLLEYDRLVDESSANPGQQLYEKLIGGKYMGELVRLVLLRLVDENLLFHGEASEQLRTRGAFETRFVSQVESDTGDRKQIYNILSTLGLRPSTTDCDIVRRACESVSTRAAHMCSAGLAGVINRMRESRSEDVMRITVGVDGSVYKLHPSFKERFHASVRRLTPSCEITFIESEEGSGRGAALVSAVA;MLDDRARMEAAKKEKVEQILAEFQLQEEDLKKVMRRMQKEMDRGLRLETHEEASVKMLPTYVRSTPEGSEVGDFLSLDLGGTNFRVMLVKVGEGEEGQWSVKTKHQMYSIPEDAMTGTAEMLFDYISECISDFLDKHQMKHKKLPLGFTFSFPVRHEDIDKGILLNWTKGFKASGAEGNNVVGLLRDAIKRRGDFEMDVVAMVNDTVATMISCYYEDHQCEVGMIVGTGCNACYMEEMQNVELVEGDEGRMCVNTEWGAFGDSGELDEFLLEYDRLVDESSANPGQQLYEKLIGGKYMGELVRLVLLRLVDENLLFHGEASEQLRTRGAFETRFVSQVESDTGDRKQIYNILSTLGLRPSTTDCDIVRRACESVSTRAAHMCSAGLAGVINRMRESRSEDVMRITVGVDGSVYKLHPSFKERFHASVRRLTPSCEITFIESEEGSGRGAALVSAVA,NM_001354800.1,NC_000007.14:g.44145200C>G,,[69]
GCK,c.1289_1294delTGACGC,p.Leu430_Thr431del,"NM_001354800.1
 NP_001341729.1",,China,,-69,,,MLDDRARMEAAKKEKVEQILAEFQLQEEDLKKVMRRMQKEMDRGLRLETHEEASVKMLPTYVRSTPEGSEVGDFLSLDLGGTNFRVMLVKVGEGEEGQWSVKTKHQMYSIPEDAMTGTAEMLFDYISECISDFLDKHQMKHKKLPLGFTFSFPVRHEDIDKGILLNWTKGFKASGAEGNNVVGLLRDAIKRRGDFEMDVVAMVNDTVATMISCYYEDHQCEVGMIVGTGCNACYMEEMQNVELVEGDEGRMCVNTEWGAFGDSGELDEFLLEYDRLVDESSANPGQQLYEKLIGGKYMGELVRLVLLRLVDENLLFHGEASEQLRTRGAFETRFVSQVESDTGDRKQIYNILSTLGLRPSTTDCDIVRRACESVSTRAAHMCSAGLAGVINRMRESRSEDVMRITVGVDGSVYKLHPSFKERFHASVRRLTPSCEITFIESEEGSGRGAALVSAVA;MLDDRARMEAAKKEKVEQILAEFQLQEEDLKKVMRRMQKEMDRGLRLETHEEASVKMLPTYVRSTPEGSEVGDFLSLDLGGTNFRVMLVKVGEGEEGQWSVKTKHQMYSIPEDAMTGTAEMLFDYISECISDFLDKHQMKHKKLPLGFTFSFPVRHEDIDKGILLNWTKGFKASGAEGNNVVGLLRDAIKRRGDFEMDVVAMVNDTVATMISCYYEDHQCEVGMIVGTGCNACYMEEMQNVELVEGDEGRMCVNTEWGAFGDSGELDEFLLEYDRLVDESSANPGQQLYEKLIGGKYMGELVRLVLLRLVDENLLFHGEASEQLRTRGAFETRFVSQVESDTGDRKQIYNILSTLGLRPSTTDCDIVRRACESVSTRAAHMCSAGLAGVINRMRESRSEDVMRITVGVDGSVYKLHPSFKERFHASVRRLTPSCEITFIESEEGSGRGAALVSAVA,NM_001354800.1,NC_000007.14:g.44145242_44145247del,,[69]
GCK,c.584 T>C,p.Phe195Ser,"NM_001354800.1
 NP_001341729.1",,China,,-69,VUS,,MLDDRARMEAAKKEKVEQILAEFQLQEEDLKKVMRRMQKEMDRGLRLETHEEASVKMLPTYVRSTPEGSEVGDFLSLDLGGTNFRVMLVKVGEGEEGQWSVKTKHQMYSIPEDAMTGTAEMLFDYISECISDFLDKHQMKHKKLPLGFTFSFPVRHEDIDKGILLNWTKGFKASGAEGNNVVGLLRDAIKRRGDFEMDVVAMVNDTVATMISCYYEDHQCEVGMIVGTGCNACYMEEMQNVELVEGDEGRMCVNTEWGAFGDSGELDEFLLEYDRLVDESSANPGQQLYEKLIGGKYMGELVRLVLLRLVDENLLFHGEASEQLRTRGAFETRFVSQVESDTGDRKQIYNILSTLGLRPSTTDCDIVRRACESVSTRAAHMCSAGLAGVINRMRESRSEDVMRITVGVDGSVYKLHPSFKERFHASVRRLTPSCEITFIESEEGSGRGAALVSAVA;MLDDRARMEAAKKEKVEQILAEFQLQEEDLKKVMRRMQKEMDRGLRLETHEEASVKMLPTYVRSTPEGSEVGDFLSLDLGGTNFRVMLVKVGEGEEGQWSVKTKHQMYSIPEDAMTGTAEMLFDYISECISDFLDKHQMKHKKLPLGFTFSFPVRHEDIDKGILLNWTKGFKASGAEGNNVVGLLRDAIKRRGDFEMDVVAMVNDTVATMISCYYEDHQCEVGMIVGTGCNACYMEEMQNVELVEGDEGRMCVNTEWGAFGDSGELDEFLLEYDRLVDESSANPGQQLYEKLIGGKYMGELVRLVLLRLVDENLLFHGEASEQLRTRGAFETRFVSQVESDTGDRKQIYNILSTLGLRPSTTDCDIVRRACESVSTRAAHMCSAGLAGVINRMRESRSEDVMRITVGVDGSVYKLHPSFKERFHASVRRLTPSCEITFIESEEGSGRGAALVSAVA,NM_001354800.1,NC_000007.14:g.44149855A>G,,[69]
GCK,c.30delC,p.Ala11ProfsTer6,"NM_001354800.1
 NP_001341729.1",,China,,-69,,,MLDDRARMEAAKKEKVEQILAEFQLQEEDLKKVMRRMQKEMDRGLRLETHEEASVKMLPTYVRSTPEGSEVGDFLSLDLGGTNFRVMLVKVGEGEEGQWSVKTKHQMYSIPEDAMTGTAEMLFDYISECISDFLDKHQMKHKKLPLGFTFSFPVRHEDIDKGILLNWTKGFKASGAEGNNVVGLLRDAIKRRGDFEMDVVAMVNDTVATMISCYYEDHQCEVGMIVGTGCNACYMEEMQNVELVEGDEGRMCVNTEWGAFGDSGELDEFLLEYDRLVDESSANPGQQLYEKLIGGKYMGELVRLVLLRLVDENLLFHGEASEQLRTRGAFETRFVSQVESDTGDRKQIYNILSTLGLRPSTTDCDIVRRACESVSTRAAHMCSAGLAGVINRMRESRSEDVMRITVGVDGSVYKLHPSFKERFHASVRRLTPSCEITFIESEEGSGRGAALVSAVA;MLDDRARMEAAKKEKVEQILAEFQLQEEDLKKVMRRMQKEMDRGLRLETHEEASVKMLPTYVRSTPEGSEVGDFLSLDLGGTNFRVMLVKVGEGEEGQWSVKTKHQMYSIPEDAMTGTAEMLFDYISECISDFLDKHQMKHKKLPLGFTFSFPVRHEDIDKGILLNWTKGFKASGAEGNNVVGLLRDAIKRRGDFEMDVVAMVNDTVATMISCYYEDHQCEVGMIVGTGCNACYMEEMQNVELVEGDEGRMCVNTEWGAFGDSGELDEFLLEYDRLVDESSANPGQQLYEKLIGGKYMGELVRLVLLRLVDENLLFHGEASEQLRTRGAFETRFVSQVESDTGDRKQIYNILSTLGLRPSTTDCDIVRRACESVSTRAAHMCSAGLAGVINRMRESRSEDVMRITVGVDGSVYKLHPSFKERFHASVRRLTPSCEITFIESEEGSGRGAALVSAVA,NM_001354800.1,NC_000007.14:g.44188925del,,[69]
GCK,,p.Gly71Cys,NaN,,UK,2009,-70,,,,,None,,[70]
GCK,"1343G >A,",p.Gly448Asp,"NM_001354800.1
 NP_001341729.1",,USA,2018,-74,VUS,,MLDDRARMEAAKKEKVEQILAEFQLQEEDLKKVMRRMQKEMDRGLRLETHEEASVKMLPTYVRSTPEGSEVGDFLSLDLGGTNFRVMLVKVGEGEEGQWSVKTKHQMYSIPEDAMTGTAEMLFDYISECISDFLDKHQMKHKKLPLGFTFSFPVRHEDIDKGILLNWTKGFKASGAEGNNVVGLLRDAIKRRGDFEMDVVAMVNDTVATMISCYYEDHQCEVGMIVGTGCNACYMEEMQNVELVEGDEGRMCVNTEWGAFGDSGELDEFLLEYDRLVDESSANPGQQLYEKLIGGKYMGELVRLVLLRLVDENLLFHGEASEQLRTRGAFETRFVSQVESDTGDRKQIYNILSTLGLRPSTTDCDIVRRACESVSTRAAHMCSAGLAGVINRMRESRSEDVMRITVGVDGSVYKLHPSFKERFHASVRRLTPSCEITFIESEEGSGRGAALVSAVA;MLDDRARMEAAKKEKVEQILAEFQLQEEDLKKVMRRMQKEMDRGLRLETHEEASVKMLPTYVRSTPEGSEVGDFLSLDLGGTNFRVMLVKVGEGEEGQWSVKTKHQMYSIPEDAMTGTAEMLFDYISECISDFLDKHQMKHKKLPLGFTFSFPVRHEDIDKGILLNWTKGFKASGAEGNNVVGLLRDAIKRRGDFEMDVVAMVNDTVATMISCYYEDHQCEVGMIVGTGCNACYMEEMQNVELVEGDEGRMCVNTEWGAFGDSGELDEFLLEYDRLVDESSANPGQQLYEKLIGGKYMGELVRLVLLRLVDENLLFHGEASEQLRTRGAFETRFVSQVESDTGDRKQIYNILSTLGLRPSTTDCDIVRRACESVSTRAAHMCSAGLAGVINRMRESRSEDVMRITVGVDGSVYKLHPSFKERFHASVRRLTPSCEITFIESEEGSGRGAALVSAVA,NM_001354800.1,None,,[74]
GCK,259A>T,p.Ala259Thr,"NP_000153.1
 (9662401)",,UK,1998,-75,,ENST00000403799.8,MLDDRARMEAAKKEKVEQILAEFQLQEEDLKKVMRRMQKEMDRGLRLETHEEASVKMLPTYVRSTPEGSEVGDFLSLDLGGTNFRVMLVKVGEGEEGQWSVKTKHQMYSIPEDAMTGTAEMLFDYISECISDFLDKHQMKHKKLPLGFTFSFPVRHEDIDKGILLNWTKGFKASGAEGNNVVGLLRDAIKRRGDFEMDVVAMVNDTVATMISCYYEDHQCEVGMIVGTGCNACYMEEMQNVELVEGDEGRMCVNTEWGAFGDSGELDEFLLEYDRLVDESSANPGQQLYEKLIGGKYMGELVRLVLLRLVDENLLFHGEASEQLRTRGAFETRFVSQVESDTGDRKQIYNILSTLGLRPSTTDCDIVRRACESVSTRAAHMCSAGLAGVINRMRESRSEDVMRITVGVDGSVYKLHPSFKERFHASVRRLTPSCEITFIESEEGSGRGAALVSAVACKKACMLGQ,NM_001354800.1,None,,[75]
GCK,c.1010delA,p.Gln337ArgfsTer16,"NM_001354800.1
 NP_001341729.1",,Iran,2013,-76,,,MLDDRARMEAAKKEKVEQILAEFQLQEEDLKKVMRRMQKEMDRGLRLETHEEASVKMLPTYVRSTPEGSEVGDFLSLDLGGTNFRVMLVKVGEGEEGQWSVKTKHQMYSIPEDAMTGTAEMLFDYISECISDFLDKHQMKHKKLPLGFTFSFPVRHEDIDKGILLNWTKGFKASGAEGNNVVGLLRDAIKRRGDFEMDVVAMVNDTVATMISCYYEDHQCEVGMIVGTGCNACYMEEMQNVELVEGDEGRMCVNTEWGAFGDSGELDEFLLEYDRLVDESSANPGQQLYEKLIGGKYMGELVRLVLLRLVDENLLFHGEASEQLRTRGAFETRFVSQVESDTGDRKQIYNILSTLGLRPSTTDCDIVRRACESVSTRAAHMCSAGLAGVINRMRESRSEDVMRITVGVDGSVYKLHPSFKERFHASVRRLTPSCEITFIESEEGSGRGAALVSAVA;MLDDRARMEAAKKEKVEQILAEFQLQEEDLKKVMRRMQKEMDRGLRLETHEEASVKMLPTYVRSTPEGSEVGDFLSLDLGGTNFRVMLVKVGEGEEGQWSVKTKHQMYSIPEDAMTGTAEMLFDYISECISDFLDKHQMKHKKLPLGFTFSFPVRHEDIDKGILLNWTKGFKASGAEGNNVVGLLRDAIKRRGDFEMDVVAMVNDTVATMISCYYEDHQCEVGMIVGTGCNACYMEEMQNVELVEGDEGRMCVNTEWGAFGDSGELDEFLLEYDRLVDESSANPGQQLYEKLIGGKYMGELVRLVLLRLVDENLLFHGEASEQLRTRGAFETRFVSQVESDTGDRKQIYNILSTLGLRPSTTDCDIVRRACESVSTRAAHMCSAGLAGVINRMRESRSEDVMRITVGVDGSVYKLHPSFKERFHASVRRLTPSCEITFIESEEGSGRGAALVSAVA,NM_001354800.1,NC_000007.14:g.44146472del,,[76]
GCK,c.244 A>G,p.Thr82Ala,"NM_001354800.1
 NP_001341729.1
 (20587714)",,Canada,2010,-82,VUS,,MLDDRARMEAAKKEKVEQILAEFQLQEEDLKKVMRRMQKEMDRGLRLETHEEASVKMLPTYVRSTPEGSEVGDFLSLDLGGTNFRVMLVKVGEGEEGQWSVKTKHQMYSIPEDAMTGTAEMLFDYISECISDFLDKHQMKHKKLPLGFTFSFPVRHEDIDKGILLNWTKGFKASGAEGNNVVGLLRDAIKRRGDFEMDVVAMVNDTVATMISCYYEDHQCEVGMIVGTGCNACYMEEMQNVELVEGDEGRMCVNTEWGAFGDSGELDEFLLEYDRLVDESSANPGQQLYEKLIGGKYMGELVRLVLLRLVDENLLFHGEASEQLRTRGAFETRFVSQVESDTGDRKQIYNILSTLGLRPSTTDCDIVRRACESVSTRAAHMCSAGLAGVINRMRESRSEDVMRITVGVDGSVYKLHPSFKERFHASVRRLTPSCEITFIESEEGSGRGAALVSAVA;MLDDRARMEAAKKEKVEQILAEFQLQEEDLKKVMRRMQKEMDRGLRLETHEEASVKMLPTYVRSTPEGSEVGDFLSLDLGGTNFRVMLVKVGEGEEGQWSVKTKHQMYSIPEDAMTGTAEMLFDYISECISDFLDKHQMKHKKLPLGFTFSFPVRHEDIDKGILLNWTKGFKASGAEGNNVVGLLRDAIKRRGDFEMDVVAMVNDTVATMISCYYEDHQCEVGMIVGTGCNACYMEEMQNVELVEGDEGRMCVNTEWGAFGDSGELDEFLLEYDRLVDESSANPGQQLYEKLIGGKYMGELVRLVLLRLVDENLLFHGEASEQLRTRGAFETRFVSQVESDTGDRKQIYNILSTLGLRPSTTDCDIVRRACESVSTRAAHMCSAGLAGVINRMRESRSEDVMRITVGVDGSVYKLHPSFKERFHASVRRLTPSCEITFIESEEGSGRGAALVSAVA,NM_001354800.1,NC_000007.14:g.44152390T>C,,[82]
GCK,c.83delA,p.Glu28GlyfsTer3,"NM_001354800.1
 NP_001341729.1",,Canada,,-82,,,MLDDRARMEAAKKEKVEQILAEFQLQEEDLKKVMRRMQKEMDRGLRLETHEEASVKMLPTYVRSTPEGSEVGDFLSLDLGGTNFRVMLVKVGEGEEGQWSVKTKHQMYSIPEDAMTGTAEMLFDYISECISDFLDKHQMKHKKLPLGFTFSFPVRHEDIDKGILLNWTKGFKASGAEGNNVVGLLRDAIKRRGDFEMDVVAMVNDTVATMISCYYEDHQCEVGMIVGTGCNACYMEEMQNVELVEGDEGRMCVNTEWGAFGDSGELDEFLLEYDRLVDESSANPGQQLYEKLIGGKYMGELVRLVLLRLVDENLLFHGEASEQLRTRGAFETRFVSQVESDTGDRKQIYNILSTLGLRPSTTDCDIVRRACESVSTRAAHMCSAGLAGVINRMRESRSEDVMRITVGVDGSVYKLHPSFKERFHASVRRLTPSCEITFIESEEGSGRGAALVSAVA;MLDDRARMEAAKKEKVEQILAEFQLQEEDLKKVMRRMQKEMDRGLRLETHEEASVKMLPTYVRSTPEGSEVGDFLSLDLGGTNFRVMLVKVGEGEEGQWSVKTKHQMYSIPEDAMTGTAEMLFDYISECISDFLDKHQMKHKKLPLGFTFSFPVRHEDIDKGILLNWTKGFKASGAEGNNVVGLLRDAIKRRGDFEMDVVAMVNDTVATMISCYYEDHQCEVGMIVGTGCNACYMEEMQNVELVEGDEGRMCVNTEWGAFGDSGELDEFLLEYDRLVDESSANPGQQLYEKLIGGKYMGELVRLVLLRLVDENLLFHGEASEQLRTRGAFETRFVSQVESDTGDRKQIYNILSTLGLRPSTTDCDIVRRACESVSTRAAHMCSAGLAGVINRMRESRSEDVMRITVGVDGSVYKLHPSFKERFHASVRRLTPSCEITFIESEEGSGRGAALVSAVA,NM_001354800.1,NC_000007.14:g.44153426del,,[82]
GCK,c.698G>A,p.Cys233Tyr,"NM_001354800.1
 NP_001341729.1
 (24355479)",,NewZealand,2013,-88,Uncertain signficance,,MLDDRARMEAAKKEKVEQILAEFQLQEEDLKKVMRRMQKEMDRGLRLETHEEASVKMLPTYVRSTPEGSEVGDFLSLDLGGTNFRVMLVKVGEGEEGQWSVKTKHQMYSIPEDAMTGTAEMLFDYISECISDFLDKHQMKHKKLPLGFTFSFPVRHEDIDKGILLNWTKGFKASGAEGNNVVGLLRDAIKRRGDFEMDVVAMVNDTVATMISCYYEDHQCEVGMIVGTGCNACYMEEMQNVELVEGDEGRMCVNTEWGAFGDSGELDEFLLEYDRLVDESSANPGQQLYEKLIGGKYMGELVRLVLLRLVDENLLFHGEASEQLRTRGAFETRFVSQVESDTGDRKQIYNILSTLGLRPSTTDCDIVRRACESVSTRAAHMCSAGLAGVINRMRESRSEDVMRITVGVDGSVYKLHPSFKERFHASVRRLTPSCEITFIESEEGSGRGAALVSAVA;MLDDRARMEAAKKEKVEQILAEFQLQEEDLKKVMRRMQKEMDRGLRLETHEEASVKMLPTYVRSTPEGSEVGDFLSLDLGGTNFRVMLVKVGEGEEGQWSVKTKHQMYSIPEDAMTGTAEMLFDYISECISDFLDKHQMKHKKLPLGFTFSFPVRHEDIDKGILLNWTKGFKASGAEGNNVVGLLRDAIKRRGDFEMDVVAMVNDTVATMISCYYEDHQCEVGMIVGTGCNACYMEEMQNVELVEGDEGRMCVNTEWGAFGDSGELDEFLLEYDRLVDESSANPGQQLYEKLIGGKYMGELVRLVLLRLVDENLLFHGEASEQLRTRGAFETRFVSQVESDTGDRKQIYNILSTLGLRPSTTDCDIVRRACESVSTRAAHMCSAGLAGVINRMRESRSEDVMRITVGVDGSVYKLHPSFKERFHASVRRLTPSCEITFIESEEGSGRGAALVSAVA,NM_001354800.1,NC_000007.14:g.44147815C>T,,[88]
HNF1A,c.,p.Arg54X,"NP_001293108.2
 (12547858)",,China,2015,-94,,,MVSKLSQLQTELLAALLESGLSKEALIQALGEPGPYLLAGEGPLDKGESCGGGRGELAELPNGLGETRGSEDETDDDGEDFTPPILKELENLSPEEAAHQKAVVETLLQEDPWRVAKMVKSYLQQHNIPQREVVDTTGLNQSHLSQHLNKGTPMKTQKRAALYTWYVRKQREVAQQFTHAGQGGLIEEPTGDELPTKKGRRNRFKWGPASQQILFQAYERQKNPSKEERETLVEECNRAECIQRGVSPSQAQGLGSNLVTEVRVYNWFANRRKEEAFRHKLAMDTYSGPPPGPGPGPALPAHSSPGLPPPALSPSKVHGVRYGQPATSETAEVPSSSGGPLVTVSTPLHQVSPTGLEPSHSLLSTEAKLVSAAGGPLPPVSTLTALHSLEQTSPGLNQQPQNLIMASLPGVMTIGPGEPASLGPTFTNTGASTLVIGLASTQAQSVPVINSMGSSLTTLQPVQFSQPLHPSYQQPLMPPVQSHVTQSPFMATMAQLQSPHALYSHKPEVAQYTHTGLLPQTMLITDTTNLSALASLTPTKQEAALLPQVFTSDTEASSESGLHTPASQATTLHVPSQDPASIQHLQPAHRLSASPTVSSSSLVLYQSSDSSNGQSHLLPSNHSVIETFISTQMASSSQ,NM_001306179.1,None,,[94]
HNF1A,,p.Ile414Gly,NP_001293108.2,,UK,2000,-97,,,MVSKLSQLQTELLAALLESGLSKEALIQALGEPGPYLLAGEGPLDKGESCGGGRGELAELPNGLGETRGSEDETDDDGEDFTPPILKELENLSPEEAAHQKAVVETLLQEDPWRVAKMVKSYLQQHNIPQREVVDTTGLNQSHLSQHLNKGTPMKTQKRAALYTWYVRKQREVAQQFTHAGQGGLIEEPTGDELPTKKGRRNRFKWGPASQQILFQAYERQKNPSKEERETLVEECNRAECIQRGVSPSQAQGLGSNLVTEVRVYNWFANRRKEEAFRHKLAMDTYSGPPPGPGPGPALPAHSSPGLPPPALSPSKVHGVRYGQPATSETAEVPSSSGGPLVTVSTPLHQVSPTGLEPSHSLLSTEAKLVSAAGGPLPPVSTLTALHSLEQTSPGLNQQPQNLIMASLPGVMTIGPGEPASLGPTFTNTGASTLVIGLASTQAQSVPVINSMGSSLTTLQPVQFSQPLHPSYQQPLMPPVQSHVTQSPFMATMAQLQSPHALYSHKPEVAQYTHTGLLPQTMLITDTTNLSALASLTPTKQEAALLPQVFTSDTEASSESGLHTPASQATTLHVPSQDPASIQHLQPAHRLSASPTVSSSSLVLYQSSDSSNGQSHLLPSNHSVIETFISTQMASSSQ,NM_001306179.1,None,,[97]
HNF1A,c.593delA,p.Lys198fs,"NP_001293108.2
 NM_001306179.1",,Japan,2013,-102,,,MVSKLSQLQTELLAALLESGLSKEALIQALGEPGPYLLAGEGPLDKGESCGGGRGELAELPNGLGETRGSEDETDDDGEDFTPPILKELENLSPEEAAHQKAVVETLLQEDPWRVAKMVKSYLQQHNIPQREVVDTTGLNQSHLSQHLNKGTPMKTQKRAALYTWYVRKQREVAQQFTHAGQGGLIEEPTGDELPTKKGRRNRFKWGPASQQILFQAYERQKNPSKEERETLVEECNRAECIQRGVSPSQAQGLGSNLVTEVRVYNWFANRRKEEAFRHKLAMDTYSGPPPGPGPGPALPAHSSPGLPPPALSPSKVHGVRYGQPATSETAEVPSSSGGPLVTVSTPLHQVSPTGLEPSHSLLSTEAKLVSAAGGPLPPVSTLTALHSLEQTSPGLNQQPQNLIMASLPGVMTIGPGEPASLGPTFTNTGASTLVIGLASTQAQSVPVINSMGSSLTTLQPVQFSQPLHPSYQQPLMPPVQSHVTQSPFMATMAQLQSPHALYSHKPEVAQYTHTGLLPQTMLITDTTNLSALASLTPTKQEAALLPQVFTSDTEASSESGLHTPASQATTLHVPSQDPAGIQHLQPAHRLSASPTVSSSSLVLYQSSDSSNGQSHLLPSNHSVIETFISTQMASSSQ;MVSKLSQLQTELLAALLESGLSKEALIQALGEPGPYLLAGEGPLDKGESCGGGRGELAELPNGLGETRGSEDETDDDGEDFTPPILKELENLSPEEAAHQKAVVETLLQEDPWRVAKMVKSYLQQHNIPQREVVDTTGLNQSHLSQHLNKGTPMKTQKRAALYTWYVRKQREVAQQFTHAGQGGLIEEPTGDELPTKKGRRNRFKWGPASQQILFQAYERQKNPSKEERETLVEECNRAECIQRGVSPSQAQGLGSNLVTEVRVYNWFANRRKEEAFRHKLAMDTYSGPPPGPGPGPALPAHSSPGLPPPALSPSKVHGVRYGQPATSETAEVPSSSGGPLVTVSTPLHQVSPTGLEPSHSLLSTEAKLVSAAGGPLPPVSTLTALHSLEQTSPGLNQQPQNLIMASLPGVMTIGPGEPASLGPTFTNTGASTLVIGLASTQAQSVPVINSMGSSLTTLQPVQFSQPLHPSYQQPLMPPVQSHVTQSPFMATMAQLQSPHALYSHKPEVAQYTHTGLLPQTMLITDTTNLSALASLTPTKQEAALLPQVFTSDTEASSESGLHTPASQATTLHVPSQDPASIQHLQPAHRLSASPTVSSSSLVLYQSSDSSNGQSHLLPSNHSVIETFISTQMASSSQ,NM_001306179.1,NC_000012.12:g.120993586del,,[102]
HNF1A,,p.Tyr218Cys,"NP_001293108.2
 (10872540)",,China,2000,-103,VUS,,MVSKLSQLQTELLAALLESGLSKEALIQALGEPGPYLLAGEGPLDKGESCGGGRGELAELPNGLGETRGSEDETDDDGEDFTPPILKELENLSPEEAAHQKAVVETLLQEDPWRVAKMVKSYLQQHNIPQREVVDTTGLNQSHLSQHLNKGTPMKTQKRAALYTWYVRKQREVAQQFTHAGQGGLIEEPTGDELPTKKGRRNRFKWGPASQQILFQAYERQKNPSKEERETLVEECNRAECIQRGVSPSQAQGLGSNLVTEVRVYNWFANRRKEEAFRHKLAMDTYSGPPPGPGPGPALPAHSSPGLPPPALSPSKVHGVRYGQPATSETAEVPSSSGGPLVTVSTPLHQVSPTGLEPSHSLLSTEAKLVSAAGGPLPPVSTLTALHSLEQTSPGLNQQPQNLIMASLPGVMTIGPGEPASLGPTFTNTGASTLVIGLASTQAQSVPVINSMGSSLTTLQPVQFSQPLHPSYQQPLMPPVQSHVTQSPFMATMAQLQSPHALYSHKPEVAQYTHTGLLPQTMLITDTTNLSALASLTPTKQEAALLPQVFTSDTEASSESGLHTPASQATTLHVPSQDPASIQHLQPAHRLSASPTVSSSSLVLYQSSDSSNGQSHLLPSNHSVIETFISTQMASSSQ,NM_001306179.1,None,,[103]
HNF1A,c.-154_-160TGGGGGT,,NaN,,Spain,2013,-108,,,,,None,,[108]
HNF1A,c.368T > C,p.Leu123Pro,"NP_001293108.2
 (18433912)",,Serbia,2008,-109,VUS,,MVSKLSQLQTELLAALLESGLSKEALIQALGEPGPYLLAGEGPLDKGESCGGGRGELAELPNGLGETRGSEDETDDDGEDFTPPILKELENLSPEEAAHQKAVVETLLQEDPWRVAKMVKSYLQQHNIPQREVVDTTGLNQSHLSQHLNKGTPMKTQKRAALYTWYVRKQREVAQQFTHAGQGGLIEEPTGDELPTKKGRRNRFKWGPASQQILFQAYERQKNPSKEERETLVEECNRAECIQRGVSPSQAQGLGSNLVTEVRVYNWFANRRKEEAFRHKLAMDTYSGPPPGPGPGPALPAHSSPGLPPPALSPSKVHGVRYGQPATSETAEVPSSSGGPLVTVSTPLHQVSPTGLEPSHSLLSTEAKLVSAAGGPLPPVSTLTALHSLEQTSPGLNQQPQNLIMASLPGVMTIGPGEPASLGPTFTNTGASTLVIGLASTQAQSVPVINSMGSSLTTLQPVQFSQPLHPSYQQPLMPPVQSHVTQSPFMATMAQLQSPHALYSHKPEVAQYTHTGLLPQTMLITDTTNLSALASLTPTKQEAALLPQVFTSDTEASSESGLHTPASQATTLHVPSQDPASIQHLQPAHRLSASPTVSSSSLVLYQSSDSSNGQSHLLPSNHSVIETFISTQMASSSQ,NM_001306179.1,NC_000012.12:g.120988874T>C,,[109]
HNF1A,,p.Arg203Ser,"NP_001293108.2
 (23348805)",,Japan,,-110,,,MVSKLSQLQTELLAALLESGLSKEALIQALGEPGPYLLAGEGPLDKGESCGGGRGELAELPNGLGETRGSEDETDDDGEDFTPPILKELENLSPEEAAHQKAVVETLLQEDPWRVAKMVKSYLQQHNIPQREVVDTTGLNQSHLSQHLNKGTPMKTQKRAALYTWYVRKQREVAQQFTHAGQGGLIEEPTGDELPTKKGRRNRFKWGPASQQILFQAYERQKNPSKEERETLVEECNRAECIQRGVSPSQAQGLGSNLVTEVRVYNWFANRRKEEAFRHKLAMDTYSGPPPGPGPGPALPAHSSPGLPPPALSPSKVHGVRYGQPATSETAEVPSSSGGPLVTVSTPLHQVSPTGLEPSHSLLSTEAKLVSAAGGPLPPVSTLTALHSLEQTSPGLNQQPQNLIMASLPGVMTIGPGEPASLGPTFTNTGASTLVIGLASTQAQSVPVINSMGSSLTTLQPVQFSQPLHPSYQQPLMPPVQSHVTQSPFMATMAQLQSPHALYSHKPEVAQYTHTGLLPQTMLITDTTNLSALASLTPTKQEAALLPQVFTSDTEASSESGLHTPASQATTLHVPSQDPASIQHLQPAHRLSASPTVSSSSLVLYQSSDSSNGQSHLLPSNHSVIETFISTQMASSSQ,NM_001306179.1,None,,[110]
HNF1A,,p.His153N,"NM_001306179.1
 NP_001293108.1
 p.(Gly51=)",,Japan,2004,-113,,,MVSKLSQLQTELLAALLESGLSKEALIQALGEPGPYLLAGEGPLDKGESCGGGRGELAELPNGLGETRGSEDETDDDGEDFTPPILKELENLSPEEAAHQKAVVETLLQEDPWRVAKMVKSYLQQHNIPQREVVDTTGLNQSHLSQHLNKGTPMKTQKRAALYTWYVRKQREVAQQFTHAGQGGLIEEPTGDELPTKKGRRNRFKWGPASQQILFQAYERQKNPSKEERETLVEECNRAECIQRGVSPSQAQGLGSNLVTEVRVYNWFANRRKEEAFRHKLAMDTYSGPPPGPGPGPALPAHSSPGLPPPALSPSKVHGVRYGQPATSETAEVPSSSGGPLVTVSTPLHQVSPTGLEPSHSLLSTEAKLVSAAGGPLPPVSTLTALHSLEQTSPGLNQQPQNLIMASLPGVMTIGPGEPASLGPTFTNTGASTLVIGLASTQAQSVPVINSMGSSLTTLQPVQFSQPLHPSYQQPLMPPVQSHVTQSPFMATMAQLQSPHALYSHKPEVAQYTHTGLLPQTMLITDTTNLSALASLTPTKQEAALLPQVFTSDTEASSESGLHTPASQATTLHVPSQDPAGIQHLQPAHRLSASPTVSSSSLVLYQSSDSSNGQSHLLPSNHSVIETFISTQMASSSQ;MVSKLSQLQTELLAALLESGLSKEALIQALGEPGPYLLAGEGPLDKGESCGGGRGELAELPNGLGETRGSEDETDDDGEDFTPPILKELENLSPEEAAHQKAVVETLLQEDPWRVAKMVKSYLQQHNIPQREVVDTTGLNQSHLSQHLNKGTPMKTQKRAALYTWYVRKQREVAQQFTHAGQGGLIEEPTGDELPTKKGRRNRFKWGPASQQILFQAYERQKNPSKEERETLVEECNRAECIQRGVSPSQAQGLGSNLVTEVRVYNWFANRRKEEAFRHKLAMDTYSGPPPGPGPGPALPAHSSPGLPPPALSPSKVHGVRYGQPATSETAEVPSSSGGPLVTVSTPLHQVSPTGLEPSHSLLSTEAKLVSAAGGPLPPVSTLTALHSLEQTSPGLNQQPQNLIMASLPGVMTIGPGEPASLGPTFTNTGASTLVIGLASTQAQSVPVINSMGSSLTTLQPVQFSQPLHPSYQQPLMPPVQSHVTQSPFMATMAQLQSPHALYSHKPEVAQYTHTGLLPQTMLITDTTNLSALASLTPTKQEAALLPQVFTSDTEASSESGLHTPASQATTLHVPSQDPAGIQHLQPAHRLSASPTVSSSSLVLYQSSDSSNGQSHLLPSNHSVIETFISTQMASSSQ,NM_001306179.1,None,,[113]
HNF1A,c.1558C>T,p.Gln520Ter,"NP_001293108.2
 NM_001306179.1",,Brazil,2017,-50,P,,MVSKLSQLQTELLAALLESGLSKEALIQALGEPGPYLLAGEGPLDKGESCGGGRGELAELPNGLGETRGSEDETDDDGEDFTPPILKELENLSPEEAAHQKAVVETLLQEDPWRVAKMVKSYLQQHNIPQREVVDTTGLNQSHLSQHLNKGTPMKTQKRAALYTWYVRKQREVAQQFTHAGQGGLIEEPTGDELPTKKGRRNRFKWGPASQQILFQAYERQKNPSKEERETLVEECNRAECIQRGVSPSQAQGLGSNLVTEVRVYNWFANRRKEEAFRHKLAMDTYSGPPPGPGPGPALPAHSSPGLPPPALSPSKVHGVRYGQPATSETAEVPSSSGGPLVTVSTPLHQVSPTGLEPSHSLLSTEAKLVSAAGGPLPPVSTLTALHSLEQTSPGLNQQPQNLIMASLPGVMTIGPGEPASLGPTFTNTGASTLVIGLASTQAQSVPVINSMGSSLTTLQPVQFSQPLHPSYQQPLMPPVQSHVTQSPFMATMAQLQSPHALYSHKPEVAQYTHTGLLPQTMLITDTTNLSALASLTPTKQEAALLPQVFTSDTEASSESGLHTPASQATTLHVPSQDPAGIQHLQPAHRLSASPTVSSSSLVLYQSSDSSNGQSHLLPSNHSVIETFISTQMASSSQ;MVSKLSQLQTELLAALLESGLSKEALIQALGEPGPYLLAGEGPLDKGESCGGGRGELAELPNGLGETRGSEDETDDDGEDFTPPILKELENLSPEEAAHQKAVVETLLQEDPWRVAKMVKSYLQQHNIPQREVVDTTGLNQSHLSQHLNKGTPMKTQKRAALYTWYVRKQREVAQQFTHAGQGGLIEEPTGDELPTKKGRRNRFKWGPASQQILFQAYERQKNPSKEERETLVEECNRAECIQRGVSPSQAQGLGSNLVTEVRVYNWFANRRKEEAFRHKLAMDTYSGPPPGPGPGPALPAHSSPGLPPPALSPSKVHGVRYGQPATSETAEVPSSSGGPLVTVSTPLHQVSPTGLEPSHSLLSTEAKLVSAAGGPLPPVSTLTALHSLEQTSPGLNQQPQNLIMASLPGVMTIGPGEPASLGPTFTNTGASTLVIGLASTQAQSVPVINSMGSSLTTLQPVQFSQPLHPSYQQPLMPPVQSHVTQSPFMATMAQLQSPHALYSHKPEVAQYTHTGLLPQTMLITDTTNLSALASLTPTKQEAALLPQVFTSDTEASSESGLHTPASQATTLHVPSQDPASIQHLQPAHRLSASPTVSSSSLVLYQSSDSSNGQSHLLPSNHSVIETFISTQMASSSQ,NM_001306179.1,NC_000012.12:g.120999324C>T,,[50]
HNF1A,P291fsinsC,,NP_001293108.2,,Tunisia,2016,-116,,,MVSKLSQLQTELLAALLESGLSKEALIQALGEPGPYLLAGEGPLDKGESCGGGRGELAELPNGLGETRGSEDETDDDGEDFTPPILKELENLSPEEAAHQKAVVETLLQEDPWRVAKMVKSYLQQHNIPQREVVDTTGLNQSHLSQHLNKGTPMKTQKRAALYTWYVRKQREVAQQFTHAGQGGLIEEPTGDELPTKKGRRNRFKWGPASQQILFQAYERQKNPSKEERETLVEECNRAECIQRGVSPSQAQGLGSNLVTEVRVYNWFANRRKEEAFRHKLAMDTYSGPPPGPGPGPALPAHSSPGLPPPALSPSKVHGVRYGQPATSETAEVPSSSGGPLVTVSTPLHQVSPTGLEPSHSLLSTEAKLVSAAGGPLPPVSTLTALHSLEQTSPGLNQQPQNLIMASLPGVMTIGPGEPASLGPTFTNTGASTLVIGLASTQAQSVPVINSMGSSLTTLQPVQFSQPLHPSYQQPLMPPVQSHVTQSPFMATMAQLQSPHALYSHKPEVAQYTHTGLLPQTMLITDTTNLSALASLTPTKQEAALLPQVFTSDTEASSESGLHTPASQATTLHVPSQDPASIQHLQPAHRLSASPTVSSSSLVLYQSSDSSNGQSHLLPSNHSVIETFISTQMASSSQ,NM_001306179.1,None,,[116]
HNF1A,,p.Ser6Arg,NP_001293108.2,,Russia,2018,-126,,,MVSKLSQLQTELLAALLESGLSKEALIQALGEPGPYLLAGEGPLDKGESCGGGRGELAELPNGLGETRGSEDETDDDGEDFTPPILKELENLSPEEAAHQKAVVETLLQEDPWRVAKMVKSYLQQHNIPQREVVDTTGLNQSHLSQHLNKGTPMKTQKRAALYTWYVRKQREVAQQFTHAGQGGLIEEPTGDELPTKKGRRNRFKWGPASQQILFQAYERQKNPSKEERETLVEECNRAECIQRGVSPSQAQGLGSNLVTEVRVYNWFANRRKEEAFRHKLAMDTYSGPPPGPGPGPALPAHSSPGLPPPALSPSKVHGVRYGQPATSETAEVPSSSGGPLVTVSTPLHQVSPTGLEPSHSLLSTEAKLVSAAGGPLPPVSTLTALHSLEQTSPGLNQQPQNLIMASLPGVMTIGPGEPASLGPTFTNTGASTLVIGLASTQAQSVPVINSMGSSLTTLQPVQFSQPLHPSYQQPLMPPVQSHVTQSPFMATMAQLQSPHALYSHKPEVAQYTHTGLLPQTMLITDTTNLSALASLTPTKQEAALLPQVFTSDTEASSESGLHTPASQATTLHVPSQDPASIQHLQPAHRLSASPTVSSSSLVLYQSSDSSNGQSHLLPSNHSVIETFISTQMASSSQ,NM_001306179.1,None,,[126]
HNF1A,,p.Ala15Ala,NP_001293108.2,,Brazil,2012,-128,,,MVSKLSQLQTELLAALLESGLSKEALIQALGEPGPYLLAGEGPLDKGESCGGGRGELAELPNGLGETRGSEDETDDDGEDFTPPILKELENLSPEEAAHQKAVVETLLQEDPWRVAKMVKSYLQQHNIPQREVVDTTGLNQSHLSQHLNKGTPMKTQKRAALYTWYVRKQREVAQQFTHAGQGGLIEEPTGDELPTKKGRRNRFKWGPASQQILFQAYERQKNPSKEERETLVEECNRAECIQRGVSPSQAQGLGSNLVTEVRVYNWFANRRKEEAFRHKLAMDTYSGPPPGPGPGPALPAHSSPGLPPPALSPSKVHGVRYGQPATSETAEVPSSSGGPLVTVSTPLHQVSPTGLEPSHSLLSTEAKLVSAAGGPLPPVSTLTALHSLEQTSPGLNQQPQNLIMASLPGVMTIGPGEPASLGPTFTNTGASTLVIGLASTQAQSVPVINSMGSSLTTLQPVQFSQPLHPSYQQPLMPPVQSHVTQSPFMATMAQLQSPHALYSHKPEVAQYTHTGLLPQTMLITDTTNLSALASLTPTKQEAALLPQVFTSDTEASSESGLHTPASQATTLHVPSQDPASIQHLQPAHRLSASPTVSSSSLVLYQSSDSSNGQSHLLPSNHSVIETFISTQMASSSQ,NM_001306179.1,None,,[128]
HNF1A,c.1761C > G,p.Pro588Ala,NaN,,Germany,2016,-132,Likely benign,,,,None,,[132]
HNF1A,,p.Cys49Gly,NaN,,Iran,2018,-133,,,,,None,,[133]
HNF1A,,p.Trp113X,"NP_001293108.2
 11692182",,Brazil,2011,-134,,,MVSKLSQLQTELLAALLESGLSKEALIQALGEPGPYLLAGEGPLDKGESCGGGRGELAELPNGLGETRGSEDETDDDGEDFTPPILKELENLSPEEAAHQKAVVETLLQEDPWRVAKMVKSYLQQHNIPQREVVDTTGLNQSHLSQHLNKGTPMKTQKRAALYTWYVRKQREVAQQFTHAGQGGLIEEPTGDELPTKKGRRNRFKWGPASQQILFQAYERQKNPSKEERETLVEECNRAECIQRGVSPSQAQGLGSNLVTEVRVYNWFANRRKEEAFRHKLAMDTYSGPPPGPGPGPALPAHSSPGLPPPALSPSKVHGVRYGQPATSETAEVPSSSGGPLVTVSTPLHQVSPTGLEPSHSLLSTEAKLVSAAGGPLPPVSTLTALHSLEQTSPGLNQQPQNLIMASLPGVMTIGPGEPASLGPTFTNTGASTLVIGLASTQAQSVPVINSMGSSLTTLQPVQFSQPLHPSYQQPLMPPVQSHVTQSPFMATMAQLQSPHALYSHKPEVAQYTHTGLLPQTMLITDTTNLSALASLTPTKQEAALLPQVFTSDTEASSESGLHTPASQATTLHVPSQDPASIQHLQPAHRLSASPTVSSSSLVLYQSSDSSNGQSHLLPSNHSVIETFISTQMASSSQ,NM_001306179.1,None,,[134]
HNF4A,Phe75fsdelT,,NaN,,Denmark,1999,-145,,,,,None,,[145]
HNF4A,,p.Glu276Gln,NaN,,UK,1997,-147,,,,,None,,[147]
HNF4A,c.734G>C,p.Arg245Pro,NP_001025175.1,,UK,2019,-150,LP,,MVSVNAPLGAPVESSYDTSPSEGTNLNAPNSLGVSALCAICGDRATGKHYGASSCDGCKGFFRRSVRKNHMYSCRFSRQCVVDKDKRNQCRYCRLKKCFRAGMKKEAVQNERDRISTRRSSYEDSSLPSINALLQAEVLSRQITSPVSGINGDIRAKKIASIADVCESMKEQLLVLVEWAKYIPAFCELPLDDQVALLRAHAGEHLLLGATKRSMVFKDVLLLGNDYIVPRHCPELAEMSRVSIRILDELVLPFQELQIDDNEYAYLKAIIFFDPDAKGLSDPGKIKRLRSQVQVSLEDYINDRQYDSRGRFGELLLLLPTLQSITWQMIEQIQFIKLFGMAKIDNLLQEMLLGGPCQAQEGRGWSGDSPGDRPHTVSSPLSSLASPLCRFGQVA,NM_001287182.1,None,,[150]
HNF4A,,p.Gln142His,NP_001025175.1,,Japan,2018,-152,,,MVSVNAPLGAPVESSYDTSPSEGTNLNAPNSLGVSALCAICGDRATGKHYGASSCDGCKGFFRRSVRKNHMYSCRFSRQCVVDKDKRNQCRYCRLKKCFRAGMKKEAVQNERDRISTRRSSYEDSSLPSINALLQAEVLSRQITSPVSGINGDIRAKKIASIADVCESMKEQLLVLVEWAKYIPAFCELPLDDQVALLRAHAGEHLLLGATKRSMVFKDVLLLGNDYIVPRHCPELAEMSRVSIRILDELVLPFQELQIDDNEYAYLKAIIFFDPDAKGLSDPGKIKRLRSQVQVSLEDYINDRQYDSRGRFGELLLLLPTLQSITWQMIEQIQFIKLFGMAKIDNLLQEMLLGGPCQAQEGRGWSGDSPGDRPHTVSSPLSSLASPLCRFGQVA,NM_001287182.1,None,,[152]
HNF4A,,p.Glu256Ala,NP_001025175.1,,Japan,,-152,,,MVSVNAPLGAPVESSYDTSPSEGTNLNAPNSLGVSALCAICGDRATGKHYGASSCDGCKGFFRRSVRKNHMYSCRFSRQCVVDKDKRNQCRYCRLKKCFRAGMKKEAVQNERDRISTRRSSYEDSSLPSINALLQAEVLSRQITSPVSGINGDIRAKKIASIADVCESMKEQLLVLVEWAKYIPAFCELPLDDQVALLRAHAGEHLLLGATKRSMVFKDVLLLGNDYIVPRHCPELAEMSRVSIRILDELVLPFQELQIDDNEYAYLKAIIFFDPDAKGLSDPGKIKRLRSQVQVSLEDYINDRQYDSRGRFGELLLLLPTLQSITWQMIEQIQFIKLFGMAKIDNLLQEMLLGGPCQAQEGRGWSGDSPGDRPHTVSSPLSSLASPLCRFGQVA,NM_001287182.1,None,,[152]
HNF4A,c.317G>A,p.Met116Ile,NaN,,UK,2014,-153,LP,,,,None,,[153]
HNF4A,c.200G>A,p.Arg67Gln,"NP_001025175.1
 (20705777)",,USA,2019,-158,LP,,MVSVNAPLGAPVESSYDTSPSEGTNLNAPNSLGVSALCAICGDRATGKHYGASSCDGCKGFFRRSVRKNHMYSCRFSRQCVVDKDKRNQCRYCRLKKCFRAGMKKEAVQNERDRISTRRSSYEDSSLPSINALLQAEVLSRQITSPVSGINGDIRAKKIASIADVCESMKEQLLVLVEWAKYIPAFCELPLDDQVALLRAHAGEHLLLGATKRSMVFKDVLLLGNDYIVPRHCPELAEMSRVSIRILDELVLPFQELQIDDNEYAYLKAIIFFDPDAKGLSDPGKIKRLRSQVQVSLEDYINDRQYDSRGRFGELLLLLPTLQSITWQMIEQIQFIKLFGMAKIDNLLQEMLLGGPCQAQEGRGWSGDSPGDRPHTVSSPLSSLASPLCRFGQVA,NM_001287182.1,None,,[158]
HNF4A,,p.Gly326arg,,,Norway,2006,-162,,,,,None,,[162]
HNF4A,,p.Thr339Ile,,,Norway,,-162,,,,,None,,[162]
HNF4A,,p.Trp340X,,,Norway,,-162,,,,,None,,[162]
HNF4A,,p.Val255Met,,,Iran,2009,-163,,,,,None,,[163]
HNF1B,,p.A263fsinsGG,NP_000449.1,,Japan,2016,-166,,ENST00000617811.5,MVSKLTSLQQELLSALLSSGVTKEVLVQALEELLPSPNFGVKLETLPLSPGSGAEPDTKPVFHTLTNGHAKGRLSGDEGSEDGDDYDTPPILKELQALNTEEAAEQRAEVDRMLSEDPWRAAKMIKGYMQQHNIPQREVVDVTGLNQSHLSQHLNKGTPMKTQKRAALYTWYVRKQREILRQFNQTVQSSGNMTDKSSQDQLLFLFPEFSQQSHGPGQSDDACSEPTNKKMRRNRFKWGPASQQILYQAYDRQKNPSKEEREALVEECNRAECLQRGVSPSKAHGLGSNLVTEVRVYNWFANRRKEEAFRQKLAMDAYSSNQTHSLNPLLSHGSPHHQPSSSPPNKLSGVRYSQQGNNEITSSSTISHHGNSAMVTSQSVLQQVSPASLDPGHNLLSPDGKMISVSGGGLPPVSTLTNIHSLSHHNPQQSQNLIMTPLSGVMAIAQSLNTSQAQSVPVINSVAGSLAALQPVQFSQQLHSPHQQPLMQQSPGSHMAQQPFMAAVTQLQNSHMYAHKQEPPQYSHTSRFPSAMVVTDTSSISTLTNMSSSKQCPLQAW,NM_000458.3,None,,[166]
HNF1B,c.727C>T,p.Gln243X,"NP_000449.1
 NM_000458.3",,USA,2013,-167,P,ENST00000617811.5,MVSKLTSLQQELLSALLSSGVTKEVLVQALEELLPSPNFGVKLETLPLSPGSGAEPDTKPVFHTLTNGHAKGRLSGDEGSEDGDDYDTPPILKELQALNTEEAAEQRAEVDRMLSEDPWRAAKMIKGYMQQHNIPQREVVDVTGLNQSHLSQHLNKGTPMKTQKRAALYTWYVRKQREILRQFNQTVQSSGNMTDKSSQDQLLFLFPEFSQQSHGPGQSDDACSEPTNKKMRRNRFKWGPASQQILYQAYDRQKNPSKEEREALVEECNRAECLQRGVSPSKAHGLGSNLVTEVRVYNWFANRRKEEAFRQKLAMDAYSSNQTHSLNPLLSHGSPHHQPSSSPPNKLSGVRYSQQGNNEITSSSTISHHGNSAMVTSQSVLQQVSPASLDPGHNLLSPDGKMISVSGGGLPPVSTLTNIHSLSHHNPQQSQNLIMTPLSGVMAIAQSLNTSQAQSVPVINSVAGSLAALQPVQFSQQLHSPHQQPLMQQSPGSHMAQQPFMAAVTQLQNSHMYAHKQEPPQYSHTSRFPSAMVVTDTSSISTLTNMSSSKQCPLQAW;MVSKLTSLQQELLSALLSSGVTKEVLVQALEELLPSPNFGVKLETLPLSPGSGAEPDTKPVFHTLTNGHAKGRLSGDEGSEDGDDYDTPPILKELQALNTEEAAEQRAEVDRMLSEDPWRAAKMIKGYMQQHNIPQREVVDVTGLNQSHLSQHLNKGTPMKTQKRAALYTWYVRKQREILRQFNQTVQSSGNMTDKSSQDQLLFLFPEFSQQSHGPGQSDDACSEPTNKKMRRNRFKWGPASQQILYQAYDRQKNPSKEEREALVEECNRAECLQRGVSPSKAHGLGSNLVTEVRVYNWFANRRKEEAFRQKLAMDAYSSNQTHSLNPLLSHGSPHHQPSSSPPNKLSGVRYSQQGNNEITSSSTISHHGNSAMVTSQSVLQQVSPASLDPGHNLLSPDGKMISVSGGGLPPVSTLTNIHSLSHHNPQQSQNLIMTPLSGVMAIAQSLNTSQAQSVPVINSVAGSLAALQPVQFSQQLHSPHQQPLMQQSPGSHMAQQPFMAAVTQLQNSHMYAHKQEPPQYSHTSRFPSAMVVTDTSSISTLTNMSSSKQCPLQAW,NM_000458.3,NC_000017.11:g.37733639G>A,,[167]
HNF1B,,p.Leu168Pro,NP_000449.1,,Japan,2018,-152,,ENST00000617811.5,MVSKLTSLQQELLSALLSSGVTKEVLVQALEELLPSPNFGVKLETLPLSPGSGAEPDTKPVFHTLTNGHAKGRLSGDEGSEDGDDYDTPPILKELQALNTEEAAEQRAEVDRMLSEDPWRAAKMIKGYMQQHNIPQREVVDVTGLNQSHLSQHLNKGTPMKTQKRAALYTWYVRKQREILRQFNQTVQSSGNMTDKSSQDQLLFLFPEFSQQSHGPGQSDDACSEPTNKKMRRNRFKWGPASQQILYQAYDRQKNPSKEEREALVEECNRAECLQRGVSPSKAHGLGSNLVTEVRVYNWFANRRKEEAFRQKLAMDAYSSNQTHSLNPLLSHGSPHHQPSSSPPNKLSGVRYSQQGNNEITSSSTISHHGNSAMVTSQSVLQQVSPASLDPGHNLLSPDGKMISVSGGGLPPVSTLTNIHSLSHHNPQQSQNLIMTPLSGVMAIAQSLNTSQAQSVPVINSVAGSLAALQPVQFSQQLHSPHQQPLMQQSPGSHMAQQPFMAAVTQLQNSHMYAHKQEPPQYSHTSRFPSAMVVTDTSSISTLTNMSSSKQCPLQAW,NM_000458.3,None,,[152]
HNF1B,160M>V,p.Met160Val,"NP_000449.1
 (22034641)",,Australia,2014,-168,,ENST00000617811.5,MVSKLTSLQQELLSALLSSGVTKEVLVQALEELLPSPNFGVKLETLPLSPGSGAEPDTKPVFHTLTNGHAKGRLSGDEGSEDGDDYDTPPILKELQALNTEEAAEQRAEVDRMLSEDPWRAAKMIKGYMQQHNIPQREVVDVTGLNQSHLSQHLNKGTPMKTQKRAALYTWYVRKQREILRQFNQTVQSSGNMTDKSSQDQLLFLFPEFSQQSHGPGQSDDACSEPTNKKMRRNRFKWGPASQQILYQAYDRQKNPSKEEREALVEECNRAECLQRGVSPSKAHGLGSNLVTEVRVYNWFANRRKEEAFRQKLAMDAYSSNQTHSLNPLLSHGSPHHQPSSSPPNKLSGVRYSQQGNNEITSSSTISHHGNSAMVTSQSVLQQVSPASLDPGHNLLSPDGKMISVSGGGLPPVSTLTNIHSLSHHNPQQSQNLIMTPLSGVMAIAQSLNTSQAQSVPVINSVAGSLAALQPVQFSQQLHSPHQQPLMQQSPGSHMAQQPFMAAVTQLQNSHMYAHKQEPPQYSHTSRFPSAMVVTDTSSISTLTNMSSSKQCPLQAW,NM_000458.3,None,,[168]
HNF1B,c.1007A > G,p.His336Arg,"NP_000449.1
 NM_000458.3
 (16971658)",,China,2017,-169,VUS,ENST00000617811.5,MVSKLTSLQQELLSALLSSGVTKEVLVQALEELLPSPNFGVKLETLPLSPGSGAEPDTKPVFHTLTNGHAKGRLSGDEGSEDGDDYDTPPILKELQALNTEEAAEQRAEVDRMLSEDPWRAAKMIKGYMQQHNIPQREVVDVTGLNQSHLSQHLNKGTPMKTQKRAALYTWYVRKQREILRQFNQTVQSSGNMTDKSSQDQLLFLFPEFSQQSHGPGQSDDACSEPTNKKMRRNRFKWGPASQQILYQAYDRQKNPSKEEREALVEECNRAECLQRGVSPSKAHGLGSNLVTEVRVYNWFANRRKEEAFRQKLAMDAYSSNQTHSLNPLLSHGSPHHQPSSSPPNKLSGVRYSQQGNNEITSSSTISHHGNSAMVTSQSVLQQVSPASLDPGHNLLSPDGKMISVSGGGLPPVSTLTNIHSLSHHNPQQSQNLIMTPLSGVMAIAQSLNTSQAQSVPVINSVAGSLAALQPVQFSQQLHSPHQQPLMQQSPGSHMAQQPFMAAVTQLQNSHMYAHKQEPPQYSHTSRFPSAMVVTDTSSISTLTNMSSSKQCPLQAW;MVSKLTSLQQELLSALLSSGVTKEVLVQALEELLPSPNFGVKLETLPLSPGSGAEPDTKPVFHTLTNGHAKGRLSGDEGSEDGDDYDTPPILKELQALNTEEAAEQRAEVDRMLSEDPWRAAKMIKGYMQQHNIPQREVVDVTGLNQSHLSQHLNKGTPMKTQKRAALYTWYVRKQREILRQFNQTVQSSGNMTDKSSQDQLLFLFPEFSQQSHGPGQSDDACSEPTNKKMRRNRFKWGPASQQILYQAYDRQKNPSKEEREALVEECNRAECLQRGVSPSKAHGLGSNLVTEVRVYNWFANRRKEEAFRQKLAMDAYSSNQTHSLNPLLSHGSPHHQPSSSPPNKLSGVRYSQQGNNEITSSSTISHHGNSAMVTSQSVLQQVSPASLDPGHNLLSPDGKMISVSGGGLPPVSTLTNIHSLSHHNPQQSQNLIMTPLSGVMAIAQSLNTSQAQSVPVINSVAGSLAALQPVQFSQQLHSPHQQPLMQQSPGSHMAQQPFMAAVTQLQNSHMYAHKQEPPQYSHTSRFPSAMVVTDTSSISTLTNMSSSKQCPLQAW,NM_000458.3,NC_000017.11:g.37731633T>C,,[169]
HNF1B,239G>E,p.Gly239Glu,NP_000449.1,,China,2017,-170,,ENST00000617811.5,MVSKLTSLQQELLSALLSSGVTKEVLVQALEELLPSPNFGVKLETLPLSPGSGAEPDTKPVFHTLTNGHAKGRLSGDEGSEDGDDYDTPPILKELQALNTEEAAEQRAEVDRMLSEDPWRAAKMIKGYMQQHNIPQREVVDVTGLNQSHLSQHLNKGTPMKTQKRAALYTWYVRKQREILRQFNQTVQSSGNMTDKSSQDQLLFLFPEFSQQSHGPGQSDDACSEPTNKKMRRNRFKWGPASQQILYQAYDRQKNPSKEEREALVEECNRAECLQRGVSPSKAHGLGSNLVTEVRVYNWFANRRKEEAFRQKLAMDAYSSNQTHSLNPLLSHGSPHHQPSSSPPNKLSGVRYSQQGNNEITSSSTISHHGNSAMVTSQSVLQQVSPASLDPGHNLLSPDGKMISVSGGGLPPVSTLTNIHSLSHHNPQQSQNLIMTPLSGVMAIAQSLNTSQAQSVPVINSVAGSLAALQPVQFSQQLHSPHQQPLMQQSPGSHMAQQPFMAAVTQLQNSHMYAHKQEPPQYSHTSRFPSAMVVTDTSSISTLTNMSSSKQCPLQAW,NM_000458.3,None,,[170]
HNF1B,c207_211delCGCCA,p.His69GlnfsTer17,"NM_000458.3
 NP_000449.1",,Spain,2017,-172,,ENST00000617811.5,MVSKLTSLQQELLSALLSSGVTKEVLVQALEELLPSPNFGVKLETLPLSPGSGAEPDTKPVFHTLTNGHAKGRLSGDEGSEDGDDYDTPPILKELQALNTEEAAEQRAEVDRMLSEDPWRAAKMIKGYMQQHNIPQREVVDVTGLNQSHLSQHLNKGTPMKTQKRAALYTWYVRKQREILRQFNQTVQSSGNMTDKSSQDQLLFLFPEFSQQSHGPGQSDDACSEPTNKKMRRNRFKWGPASQQILYQAYDRQKNPSKEEREALVEECNRAECLQRGVSPSKAHGLGSNLVTEVRVYNWFANRRKEEAFRQKLAMDAYSSNQTHSLNPLLSHGSPHHQPSSSPPNKLSGVRYSQQGNNEITSSSTISHHGNSAMVTSQSVLQQVSPASLDPGHNLLSPDGKMISVSGGGLPPVSTLTNIHSLSHHNPQQSQNLIMTPLSGVMAIAQSLNTSQAQSVPVINSVAGSLAALQPVQFSQQLHSPHQQPLMQQSPGSHMAQQPFMAAVTQLQNSHMYAHKQEPPQYSHTSRFPSAMVVTDTSSISTLTNMSSSKQCPLQAW;MVSKLTSLQQELLSALLSSGVTKEVLVQALEELLPSPNFGVKLETLPLSPGSGAEPDTKPVFHTLTNGHAKGRLSGDEGSEDGDDYDTPPILKELQALNTEEAAEQRAEVDRMLSEDPWRAAKMIKGYMQQHNIPQREVVDVTGLNQSHLSQHLNKGTPMKTQKRAALYTWYVRKQREILRQFNQTVQSSGNMTDKSSQDQLLFLFPEFSQQSHGPGQSDDACSEPTNKKMRRNRFKWGPASQQILYQAYDRQKNPSKEEREALVEECNRAECLQRGVSPSKAHGLGSNLVTEVRVYNWFANRRKEEAFRQKLAMDAYSSNQTHSLNPLLSHGSPHHQPSSSPPNKLSGVRYSQQGNNEITSSSTISHHGNSAMVTSQSVLQQVSPASLDPGHNLLSPDGKMISVSGGGLPPVSTLTNIHSLSHHNPQQSQNLIMTPLSGVMAIAQSLNTSQAQSVPVINSVAGSLAALQPVQFSQQLHSPHQQPLMQQSPGSHMAQQPFMAAVTQLQNSHMYAHKQEPPQYSHTSRFPSAMVVTDTSSISTLTNMSSSKQCPLQAW,NM_000458.3,None,,[172]
HNF1B,c.434T>A,p.Leu145Gln,"NP_000449.1
 NM_000458.3",,japan,2018,-175,VUS,ENST00000617811.5,MVSKLTSLQQELLSALLSSGVTKEVLVQALEELLPSPNFGVKLETLPLSPGSGAEPDTKPVFHTLTNGHAKGRLSGDEGSEDGDDYDTPPILKELQALNTEEAAEQRAEVDRMLSEDPWRAAKMIKGYMQQHNIPQREVVDVTGLNQSHLSQHLNKGTPMKTQKRAALYTWYVRKQREILRQFNQTVQSSGNMTDKSSQDQLLFLFPEFSQQSHGPGQSDDACSEPTNKKMRRNRFKWGPASQQILYQAYDRQKNPSKEEREALVEECNRAECLQRGVSPSKAHGLGSNLVTEVRVYNWFANRRKEEAFRQKLAMDAYSSNQTHSLNPLLSHGSPHHQPSSSPPNKLSGVRYSQQGNNEITSSSTISHHGNSAMVTSQSVLQQVSPASLDPGHNLLSPDGKMISVSGGGLPPVSTLTNIHSLSHHNPQQSQNLIMTPLSGVMAIAQSLNTSQAQSVPVINSVAGSLAALQPVQFSQQLHSPHQQPLMQQSPGSHMAQQPFMAAVTQLQNSHMYAHKQEPPQYSHTSRFPSAMVVTDTSSISTLTNMSSSKQCPLQAW;MVSKLTSLQQELLSALLSSGVTKEVLVQALEELLPSPNFGVKLETLPLSPGSGAEPDTKPVFHTLTNGHAKGRLSGDEGSEDGDDYDTPPILKELQALNTEEAAEQRAEVDRMLSEDPWRAAKMIKGYMQQHNIPQREVVDVTGLNQSHLSQHLNKGTPMKTQKRAALYTWYVRKQREILRQFNQTVQSSGNMTDKSSQDQLLFLFPEFSQQSHGPGQSDDACSEPTNKKMRRNRFKWGPASQQILYQAYDRQKNPSKEEREALVEECNRAECLQRGVSPSKAHGLGSNLVTEVRVYNWFANRRKEEAFRQKLAMDAYSSNQTHSLNPLLSHGSPHHQPSSSPPNKLSGVRYSQQGNNEITSSSTISHHGNSAMVTSQSVLQQVSPASLDPGHNLLSPDGKMISVSGGGLPPVSTLTNIHSLSHHNPQQSQNLIMTPLSGVMAIAQSLNTSQAQSVPVINSVAGSLAALQPVQFSQQLHSPHQQPLMQQSPGSHMAQQPFMAAVTQLQNSHMYAHKQEPPQYSHTSRFPSAMVVTDTSSISTLTNMSSSKQCPLQAW,NM_000458.3,NC_000017.11:g.37739550A>T,,[175]
HNF1B,c.77C>T,,,,China,2016,-178,,,,,None,,[178]
INS,c.277G>A,p.Glu93Lys,"NP_000198.1
 NM_001291897.1",,Australia,2018,-181,,ENST00000381330.5,MALWMRLLPLLALLALWGPDPAAAFVNQHLCGSHLVEALYLVCGERGFFYTPKTRREAEDLQVGQVELGGGPGAGSLQPLALEGSLQKRGIVEQCCTSICSLYQLENYCN;MALWMRLLPLLALLALWGPDPAAAFVNQHLCGSHLVEALYLVCGERGFFYTPKTRREAEDLQVGQVELGGGPGAGSLQPLALEGSLQKRGIVEQCCTSICSLYQLENYCN,NM_001291897.1,NC_000011.10:g.2159908C>T,,[181]
INS,c.233delA,p.Gln78fs,"NP_000198.1
 NM_001291897.1",,Czech Republic,2015,-182,,ENST00000381330.5,MALWMRLLPLLALLALWGPDPAAAFVNQHLCGSHLVEALYLVCGERGFFYTPKTRREAEDLQVGQVELGGGPGAGSLQPLALEGSLQKRGIVEQCCTSICSLYQLENYCN;MALWMRLLPLLALLALWGPDPAAAFVNQHLCGSHLVEALYLVCGERGFFYTPKTRREAEDLQVGQVELGGGPGAGSLQPLALEGSLQKRGIVEQCCTSICSLYQLENYCN,NM_001291897.1,NC_000011.10:g.2159952del,,[182]
INS,,p.Gly32Ser,"NP_000198.1
 (17855560)",,Japan,2016,-110,,ENST00000381330.5,MALWMRLLPLLALLALWGPDPAAAFVNQHLCGSHLVEALYLVCGERGFFYTPKTRREAEDLQVGQVELGGGPGAGSLQPLALEGSLQKRGIVEQCCTSICSLYQLENYCN,NM_001291897.1,None,,[110]
INS,,p.Gly75Cys,NP_000198.1,,Japan,2018,-152,,ENST00000381330.5,MALWMRLLPLLALLALWGPDPAAAFVNQHLCGSHLVEALYLVCGERGFFYTPKTRREAEDLQVGQVELGGGPGAGSLQPLALEGSLQKRGIVEQCCTSICSLYQLENYCN,NM_001291897.1,None,,[152]
INS,,p.Cys96Phe,NP_000198.1,,Japan,,-152,,ENST00000381330.5,MALWMRLLPLLALLALWGPDPAAAFVNQHLCGSHLVEALYLVCGERGFFYTPKTRREAEDLQVGQVELGGGPGAGSLQPLALEGSLQKRGIVEQCCTSICSLYQLENYCN,NM_001291897.1,None,,[152]
INS,c.212dupG,p.Gly73fs,"NP_000198.1
 NM_001291897.1",,China,2019,-183,,ENST00000381330.5,MALWMRLLPLLALLALWGPDPAAAFVNQHLCGSHLVEALYLVCGERGFFYTPKTRREAEDLQVGQVELGGGPGAGSLQPLALEGSLQKRGIVEQCCTSICSLYQLENYCN;MALWMRLLPLLALLALWGPDPAAAFVNQHLCGSHLVEALYLVCGERGFFYTPKTRREAEDLQVGQVELGGGPGAGSLQPLALEGSLQKRGIVEQCCTSICSLYQLENYCN,NM_001291897.1,NC_000011.10:g.2159977dup,,[183]
ABCC8,c.3202T>A,p.Phe1068Ile,NP_001274103.1,,UK,2019,-186,VUS,,MPLAFCGSENHSAAYRVDQGVLNNGCFVDALNVVPHVFLLFITFPILFIGWGSQSSKVHIHHSTWLHFPGHNLRWILTFMLLFVLVCEIAEGILSDGVTESHHLHLYMPAGMAFMAAVTSVVYYHNIETSNFPKLLIALLVYWTLAFITKTIKFVKFLDHAIGFSQLRFCLTGLLVILYGMLLLVEVNVIRVRRYIFFKTPREVKPPEDLQDLGVRFLQPFVNLLSKGTYWWMNAFIKTAHKKPIDLRAIGKLPIAMRALTNYQRLCEAFDAQVRKDIQGTQGARAIWQALSHAFGRRLVLSSTFRILADLLGFAGPLCIFGIVDHLGKENDVFQPKTQFLGVYFVSSQEFLANAYVLAVLLFLALLLQRTFLQASYYVAIETGINLRGAIQTKIYNKIMHLSTSNLSMGEMTAGQICNLVAIDTNQLMWFFFLCPNLWAMPVQIIVGVILLYYILGVSALIGAAVIILLAPVQYFVATKLSQAQRSTLEYSNERLKQTNEMLRGIKLLKLYAWENIFRTRVETTRRKEMTSLRAFAIYTSISIFMNTAIPIAAVLITFVGHVSFFKEADFSPSVAFASLSLFHILVTPLFLLSSVVRSTVKALVSVQKLSEFLSSAEIREEQCAPHEPTPQGPASKYQAVPLRVVNRKRPAREDCRGLTGPLQSLVPSADGDADNCCVQIMGGYFTWTPDGIPTLSNITIRIPRGQLTMIVGQVGCGKSSLLLAALGEMQKVSGAVFWSSSLPDSEIGEDPSPERETATDLDIRKRGPVAYASQKPWLLNATVEENIIFESPFNKQRYKMVIEACSLQPDIDILPHGDQTQIGERGINLSGGQRQRISVARALYQHANVVFLDDPFSALDIHLSDHLMQAGILELLRDDKRTVVLVTHKLQYLPHADWIIAMKDGTIQREGTLKDFQRSECQLFEHWKTLMNRQDQELEKETVTERKATEPPQGLSRAMSSRDGLLQDEEEEEEEAAESEEDDNLSSMLHQRAEIPWRACAKYLSSAGILLLSLLVFSQLLKHMVLVAIDYWLAKWTDSALTLTPAARNCSLSQECTLDQTVYAMVFTVLCSLGIVLCLVTSVTVEWTGLKVAKRLHRSLLNRIILAPMRFFETTPLGSILNRFSSDCNTIDQHIPSTLECLSRSTLLCVSALAVISYVTPVFLVALLPLAIVCYFIQKYFRVASRDLQQLDDTTQLPLLSHFAETVEGLTTIRAFRYEARFQQKLLEYTDSNNIASLFLTAANRWLEVRMEYIGACVVLIAAVTSISNSLHRELSAGLVGLGLTYALMVSNYLNWMVRNLADMELQLGAVKRIHGLLKTEAESYEGLLAPSLIPKNWPDQGKIQIQNLSVRYDSSLKPVLKHVNALIAPGQKIGICGRTGSGKSSFSLAFFRMVDTFEGHIIIDGIDIAKLPLHTLRSRLSIILQDPVLFSGTIRFNLDPERKCSDSTLWEALEIAQLKLVVKALPGGLDAIITEGGENFSQGQRQLFCLARAFVRKTSIFIMDEATASIDMATENILQKVVMTAFADRTVVTIAHRVHTILSADLVIVLKRGAILEFDKPEKLLSRKDSVFASFVRADK,NM_001287174,None,,[186]
ABCC8,c.2376delC,p.Phe793Serfs*71,"NP_000343.2
 NM_000352.4",,Tunisia,2019,-187,,ENST00000389817.8,MPLAFCGSENHSAAYRVDQGVLNNGCFVDALNVVPHVFLLFITFPILFIGWGSQSSKVHIHHSTWLHFPGHNLRWILTFMLLFVLVCEIAEGILSDGVTESHHLHLYMPAGMAFMAAVTSVVYYHNIETSNFPKLLIALLVYWTLAFITKTIKFVKFLDHAIGFSQLRFCLTGLLVILYGMLLLVEVNVIRVRRYIFFKTPREVKPPEDLQDLGVRFLQPFVNLLSKGTYWWMNAFIKTAHKKPIDLRAIGKLPIAMRALTNYQRLCEAFDAQVRKDIQGTQGARAIWQALSHAFGRRLVLSSTFRILADLLGFAGPLCIFGIVDHLGKENDVFQPKTQFLGVYFVSSQEFLANAYVLAVLLFLALLLQRTFLQASYYVAIETGINLRGAIQTKIYNKIMHLSTSNLSMGEMTAGQICNLVAIDTNQLMWFFFLCPNLWAMPVQIIVGVILLYYILGVSALIGAAVIILLAPVQYFVATKLSQAQRSTLEYSNERLKQTNEMLRGIKLLKLYAWENIFRTRVETTRRKEMTSLRAFAIYTSISIFMNTAIPIAAVLITFVGHVSFFKEADFSPSVAFASLSLFHILVTPLFLLSSVVRSTVKALVSVQKLSEFLSSAEIREEQCAPHEPTPQGPASKYQAVPLRVVNRKRPAREDCRGLTGPLQSLVPSADGDADNCCVQIMGGYFTWTPDGIPTLSNITIRIPRGQLTMIVGQVGCGKSSLLLAALGEMQKVSGAVFWSSLPDSEIGEDPSPERETATDLDIRKRGPVAYASQKPWLLNATVEENIIFESPFNKQRYKMVIEACSLQPDIDILPHGDQTQIGERGINLSGGQRQRISVARALYQHANVVFLDDPFSALDIHLSDHLMQAGILELLRDDKRTVVLVTHKLQYLPHADWIIAMKDGTIQREGTLKDFQRSECQLFEHWKTLMNRQDQELEKETVTERKATEPPQGLSRAMSSRDGLLQDEEEEEEEAAESEEDDNLSSMLHQRAEIPWRACAKYLSSAGILLLSLLVFSQLLKHMVLVAIDYWLAKWTDSALTLTPAARNCSLSQECTLDQTVYAMVFTVLCSLGIVLCLVTSVTVEWTGLKVAKRLHRSLLNRIILAPMRFFETTPLGSILNRFSSDCNTIDQHIPSTLECLSRSTLLCVSALAVISYVTPVFLVALLPLAIVCYFIQKYFRVASRDLQQLDDTTQLPLLSHFAETVEGLTTIRAFRYEARFQQKLLEYTDSNNIASLFLTAANRWLEVRMEYIGACVVLIAAVTSISNSLHRELSAGLVGLGLTYALMVSNYLNWMVRNLADMELQLGAVKRIHGLLKTEAESYEGLLAPSLIPKNWPDQGKIQIQNLSVRYDSSLKPVLKHVNALIAPGQKIGICGRTGSGKSSFSLAFFRMVDTFEGHIIIDGIDIAKLPLHTLRSRLSIILQDPVLFSGTIRFNLDPERKCSDSTLWEALEIAQLKLVVKALPGGLDAIITEGGENFSQGQRQLFCLARAFVRKTSIFIMDEATASIDMATENILQKVVMTAFADRTVVTIAHRVHTILSADLVIVLKRGAILEFDKPEKLLSRKDSVFASFVRADK;MPLAFCGSENHSAAYRVDQGVLNNGCFVDALNVVPHVFLLFITFPILFIGWGSQSSKVHIHHSTWLHFPGHNLRWILTFMLLFVLVCEIAEGILSDGVTESHHLHLYMPAGMAFMAAVTSVVYYHNIETSNFPKLLIALLVYWTLAFITKTIKFVKFLDHAIGFSQLRFCLTGLLVILYGMLLLVEVNVIRVRRYIFFKTPREVKPPEDLQDLGVRFLQPFVNLLSKGTYWWMNAFIKTAHKKPIDLRAIGKLPIAMRALTNYQRLCEAFDAQVRKDIQGTQGARAIWQALSHAFGRRLVLSSTFRILADLLGFAGPLCIFGIVDHLGKENDVFQPKTQFLGVYFVSSQEFLANAYVLAVLLFLALLLQRTFLQASYYVAIETGINLRGAIQTKIYNKIMHLSTSNLSMGEMTAGQICNLVAIDTNQLMWFFFLCPNLWAMPVQIIVGVILLYYILGVSALIGAAVIILLAPVQYFVATKLSQAQRSTLEYSNERLKQTNEMLRGIKLLKLYAWENIFRTRVETTRRKEMTSLRAFAIYTSISIFMNTAIPIAAVLITFVGHVSFFKEADFSPSVAFASLSLFHILVTPLFLLSSVVRSTVKALVSVQKLSEFLSSAEIREEQCAPHEPTPQGPASKYQAVPLRVVNRKRPAREDCRGLTGPLQSLVPSADGDADNCCVQIMGGYFTWTPDGIPTLSNITIRIPRGQLTMIVGQVGCGKSSLLLAALGEMQKVSGAVFWSSLPDSEIGEDPSPERETATDLDIRKRGPVAYASQKPWLLNATVEENIIFESPFNKQRYKMVIEACSLQPDIDILPHGDQTQIGERGINLSGGQRQRISVARALYQHANVVFLDDPFSALDIHLSDHLMQAGILELLRDDKRTVVLVTHKLQYLPHADWIIAMKDGTIQREGTLKDFQRSECQLFEHWKTLMNRQDQELEKETVTERKATEPPQGLSRAMSSRDGLLQDEEEEEEEAAESEEDDNLSSMLHQRAEIPWRACAKYLSSAGILLLSLLVFSQLLKHMVLVAIDYWLAKWTDSALTLTPAARNCSLSQECTLDQTVYAMVFTVLCSLGIVLCLVTSVTVEWTGLKVAKRLHRSLLNRIILAPMRFFETTPLGSILNRFSSDCNTIDQHIPSTLECLSRSTLLCVSALAVISYVTPVFLVALLPLAIVCYFIQKYFRVASRDLQQLDDTTQLPLLSHFAETVEGLTTIRAFRYEARFQQKLLEYTDSNNIASLFLTAANRWLEVRMEYIGACVVLIAAVTSISNSLHRELSAGLVGLGLTYALMVSNYLNWMVRNLADMELQLGAVKRIHGLLKTEAESYEGLLAPSLIPKNWPDQGKIQIQNLSVRYDSSLKPVLKHVNALIAPGQKIGICGRTGSGKSSFSLAFFRMVDTFEGHIIIDGIDIAKLPLHTLRSRLSIILQDPVLFSGTIRFNLDPERKCSDSTLWEALEIAQLKLVVKALPGGLDAIITEGGENFSQGQRQLFCLARAFVRKTSIFIMDEATASIDMATENILQKVVMTAFADRTVVTIAHRVHTILSADLVIVLKRGAILEFDKPEKLLSRKDSVFASFVRADK,NM_000352.4,NC_000011.10:g.17414528del,,[187]
ABCC8,c.4608+4A>G,,"NM_000352.4
 NP_000343.2",,Tunisia,,-187,,ENST00000389817.8,MPLAFCGSENHSAAYRVDQGVLNNGCFVDALNVVPHVFLLFITFPILFIGWGSQSSKVHIHHSTWLHFPGHNLRWILTFMLLFVLVCEIAEGILSDGVTESHHLHLYMPAGMAFMAAVTSVVYYHNIETSNFPKLLIALLVYWTLAFITKTIKFVKFLDHAIGFSQLRFCLTGLLVILYGMLLLVEVNVIRVRRYIFFKTPREVKPPEDLQDLGVRFLQPFVNLLSKGTYWWMNAFIKTAHKKPIDLRAIGKLPIAMRALTNYQRLCEAFDAQVRKDIQGTQGARAIWQALSHAFGRRLVLSSTFRILADLLGFAGPLCIFGIVDHLGKENDVFQPKTQFLGVYFVSSQEFLANAYVLAVLLFLALLLQRTFLQASYYVAIETGINLRGAIQTKIYNKIMHLSTSNLSMGEMTAGQICNLVAIDTNQLMWFFFLCPNLWAMPVQIIVGVILLYYILGVSALIGAAVIILLAPVQYFVATKLSQAQRSTLEYSNERLKQTNEMLRGIKLLKLYAWENIFRTRVETTRRKEMTSLRAFAIYTSISIFMNTAIPIAAVLITFVGHVSFFKEADFSPSVAFASLSLFHILVTPLFLLSSVVRSTVKALVSVQKLSEFLSSAEIREEQCAPHEPTPQGPASKYQAVPLRVVNRKRPAREDCRGLTGPLQSLVPSADGDADNCCVQIMGGYFTWTPDGIPTLSNITIRIPRGQLTMIVGQVGCGKSSLLLAALGEMQKVSGAVFWSSLPDSEIGEDPSPERETATDLDIRKRGPVAYASQKPWLLNATVEENIIFESPFNKQRYKMVIEACSLQPDIDILPHGDQTQIGERGINLSGGQRQRISVARALYQHANVVFLDDPFSALDIHLSDHLMQAGILELLRDDKRTVVLVTHKLQYLPHADWIIAMKDGTIQREGTLKDFQRSECQLFEHWKTLMNRQDQELEKETVTERKATEPPQGLSRAMSSRDGLLQDEEEEEEEAAESEEDDNLSSMLHQRAEIPWRACAKYLSSAGILLLSLLVFSQLLKHMVLVAIDYWLAKWTDSALTLTPAARNCSLSQECTLDQTVYAMVFTVLCSLGIVLCLVTSVTVEWTGLKVAKRLHRSLLNRIILAPMRFFETTPLGSILNRFSSDCNTIDQHIPSTLECLSRSTLLCVSALAVISYVTPVFLVALLPLAIVCYFIQKYFRVASRDLQQLDDTTQLPLLSHFAETVEGLTTIRAFRYEARFQQKLLEYTDSNNIASLFLTAANRWLEVRMEYIGACVVLIAAVTSISNSLHRELSAGLVGLGLTYALMVSNYLNWMVRNLADMELQLGAVKRIHGLLKTEAESYEGLLAPSLIPKNWPDQGKIQIQNLSVRYDSSLKPVLKHVNALIAPGQKIGICGRTGSGKSSFSLAFFRMVDTFEGHIIIDGIDIAKLPLHTLRSRLSIILQDPVLFSGTIRFNLDPERKCSDSTLWEALEIAQLKLVVKALPGGLDAIITEGGENFSQGQRQLFCLARAFVRKTSIFIMDEATASIDMATENILQKVVMTAFADRTVVTIAHRVHTILSADLVIVLKRGAILEFDKPEKLLSRKDSVFASFVRADK;MPLAFCGSENHSAAYRVDQGVLNNGCFVDALNVVPHVFLLFITFPILFIGWGSQSSKVHIHHSTWLHFPGHNLRWILTFMLLFVLVCEIAEGILSDGVTESHHLHLYMPAGMAFMAAVTSVVYYHNIETSNFPKLLIALLVYWTLAFITKTIKFVKFLDHAIGFSQLRFCLTGLLVILYGMLLLVEVNVIRVRRYIFFKTPREVKPPEDLQDLGVRFLQPFVNLLSKGTYWWMNAFIKTAHKKPIDLRAIGKLPIAMRALTNYQRLCEAFDAQVRKDIQGTQGARAIWQALSHAFGRRLVLSSTFRILADLLGFAGPLCIFGIVDHLGKENDVFQPKTQFLGVYFVSSQEFLANAYVLAVLLFLALLLQRTFLQASYYVAIETGINLRGAIQTKIYNKIMHLSTSNLSMGEMTAGQICNLVAIDTNQLMWFFFLCPNLWAMPVQIIVGVILLYYILGVSALIGAAVIILLAPVQYFVATKLSQAQRSTLEYSNERLKQTNEMLRGIKLLKLYAWENIFRTRVETTRRKEMTSLRAFAIYTSISIFMNTAIPIAAVLITFVGHVSFFKEADFSPSVAFASLSLFHILVTPLFLLSSVVRSTVKALVSVQKLSEFLSSAEIREEQCAPHEPTPQGPASKYQAVPLRVVNRKRPAREDCRGLTGPLQSLVPSADGDADNCCVQIMGGYFTWTPDGIPTLSNITIRIPRGQLTMIVGQVGCGKSSLLLAALGEMQKVSGAVFWSSLPDSEIGEDPSPERETATDLDIRKRGPVAYASQKPWLLNATVEENIIFESPFNKQRYKMVIEACSLQPDIDILPHGDQTQIGERGINLSGGQRQRISVARALYQHANVVFLDDPFSALDIHLSDHLMQAGILELLRDDKRTVVLVTHKLQYLPHADWIIAMKDGTIQREGTLKDFQRSECQLFEHWKTLMNRQDQELEKETVTERKATEPPQGLSRAMSSRDGLLQDEEEEEEEAAESEEDDNLSSMLHQRAEIPWRACAKYLSSAGILLLSLLVFSQLLKHMVLVAIDYWLAKWTDSALTLTPAARNCSLSQECTLDQTVYAMVFTVLCSLGIVLCLVTSVTVEWTGLKVAKRLHRSLLNRIILAPMRFFETTPLGSILNRFSSDCNTIDQHIPSTLECLSRSTLLCVSALAVISYVTPVFLVALLPLAIVCYFIQKYFRVASRDLQQLDDTTQLPLLSHFAETVEGLTTIRAFRYEARFQQKLLEYTDSNNIASLFLTAANRWLEVRMEYIGACVVLIAAVTSISNSLHRELSAGLVGLGLTYALMVSNYLNWMVRNLADMELQLGAVKRIHGLLKTEAESYEGLLAPSLIPKNWPDQGKIQIQNLSVRYDSSLKPVLKHVNALIAPGQKIGICGRTGSGKSSFSLAFFRMVDTFEGHIIIDGIDIAKLPLHTLRSRLSIILQDPVLFSGTIRFNLDPERKCSDSTLWEALEIAQLKLVVKALPGGLDAIITEGGENFSQGQRQLFCLARAFVRKTSIFIMDEATASIDMATENILQKVVMTAFADRTVVTIAHRVHTILSADLVIVLKRGAILEFDKPEKLLSRKDSVFASFVRADK,NM_000352.4,NC_000011.10:g.17393693T>C,,[187]
ABCC8,c.4169C>T,p.Ala1390Val,"NP_000343.2
 NM_000352.4
 (21378087)",,Australia,2018,-188,VUS,ENST00000389817.8,MPLAFCGSENHSAAYRVDQGVLNNGCFVDALNVVPHVFLLFITFPILFIGWGSQSSKVHIHHSTWLHFPGHNLRWILTFMLLFVLVCEIAEGILSDGVTESHHLHLYMPAGMAFMAAVTSVVYYHNIETSNFPKLLIALLVYWTLAFITKTIKFVKFLDHAIGFSQLRFCLTGLLVILYGMLLLVEVNVIRVRRYIFFKTPREVKPPEDLQDLGVRFLQPFVNLLSKGTYWWMNAFIKTAHKKPIDLRAIGKLPIAMRALTNYQRLCEAFDAQVRKDIQGTQGARAIWQALSHAFGRRLVLSSTFRILADLLGFAGPLCIFGIVDHLGKENDVFQPKTQFLGVYFVSSQEFLANAYVLAVLLFLALLLQRTFLQASYYVAIETGINLRGAIQTKIYNKIMHLSTSNLSMGEMTAGQICNLVAIDTNQLMWFFFLCPNLWAMPVQIIVGVILLYYILGVSALIGAAVIILLAPVQYFVATKLSQAQRSTLEYSNERLKQTNEMLRGIKLLKLYAWENIFRTRVETTRRKEMTSLRAFAIYTSISIFMNTAIPIAAVLITFVGHVSFFKEADFSPSVAFASLSLFHILVTPLFLLSSVVRSTVKALVSVQKLSEFLSSAEIREEQCAPHEPTPQGPASKYQAVPLRVVNRKRPAREDCRGLTGPLQSLVPSADGDADNCCVQIMGGYFTWTPDGIPTLSNITIRIPRGQLTMIVGQVGCGKSSLLLAALGEMQKVSGAVFWSSLPDSEIGEDPSPERETATDLDIRKRGPVAYASQKPWLLNATVEENIIFESPFNKQRYKMVIEACSLQPDIDILPHGDQTQIGERGINLSGGQRQRISVARALYQHANVVFLDDPFSALDIHLSDHLMQAGILELLRDDKRTVVLVTHKLQYLPHADWIIAMKDGTIQREGTLKDFQRSECQLFEHWKTLMNRQDQELEKETVTERKATEPPQGLSRAMSSRDGLLQDEEEEEEEAAESEEDDNLSSMLHQRAEIPWRACAKYLSSAGILLLSLLVFSQLLKHMVLVAIDYWLAKWTDSALTLTPAARNCSLSQECTLDQTVYAMVFTVLCSLGIVLCLVTSVTVEWTGLKVAKRLHRSLLNRIILAPMRFFETTPLGSILNRFSSDCNTIDQHIPSTLECLSRSTLLCVSALAVISYVTPVFLVALLPLAIVCYFIQKYFRVASRDLQQLDDTTQLPLLSHFAETVEGLTTIRAFRYEARFQQKLLEYTDSNNIASLFLTAANRWLEVRMEYIGACVVLIAAVTSISNSLHRELSAGLVGLGLTYALMVSNYLNWMVRNLADMELQLGAVKRIHGLLKTEAESYEGLLAPSLIPKNWPDQGKIQIQNLSVRYDSSLKPVLKHVNALIAPGQKIGICGRTGSGKSSFSLAFFRMVDTFEGHIIIDGIDIAKLPLHTLRSRLSIILQDPVLFSGTIRFNLDPERKCSDSTLWEALEIAQLKLVVKALPGGLDAIITEGGENFSQGQRQLFCLARAFVRKTSIFIMDEATASIDMATENILQKVVMTAFADRTVVTIAHRVHTILSADLVIVLKRGAILEFDKPEKLLSRKDSVFASFVRADK;MPLAFCGSENHSAAYRVDQGVLNNGCFVDALNVVPHVFLLFITFPILFIGWGSQSSKVHIHHSTWLHFPGHNLRWILTFMLLFVLVCEIAEGILSDGVTESHHLHLYMPAGMAFMAAVTSVVYYHNIETSNFPKLLIALLVYWTLAFITKTIKFVKFLDHAIGFSQLRFCLTGLLVILYGMLLLVEVNVIRVRRYIFFKTPREVKPPEDLQDLGVRFLQPFVNLLSKGTYWWMNAFIKTAHKKPIDLRAIGKLPIAMRALTNYQRLCEAFDAQVRKDIQGTQGARAIWQALSHAFGRRLVLSSTFRILADLLGFAGPLCIFGIVDHLGKENDVFQPKTQFLGVYFVSSQEFLANAYVLAVLLFLALLLQRTFLQASYYVAIETGINLRGAIQTKIYNKIMHLSTSNLSMGEMTAGQICNLVAIDTNQLMWFFFLCPNLWAMPVQIIVGVILLYYILGVSALIGAAVIILLAPVQYFVATKLSQAQRSTLEYSNERLKQTNEMLRGIKLLKLYAWENIFRTRVETTRRKEMTSLRAFAIYTSISIFMNTAIPIAAVLITFVGHVSFFKEADFSPSVAFASLSLFHILVTPLFLLSSVVRSTVKALVSVQKLSEFLSSAEIREEQCAPHEPTPQGPASKYQAVPLRVVNRKRPAREDCRGLTGPLQSLVPSADGDADNCCVQIMGGYFTWTPDGIPTLSNITIRIPRGQLTMIVGQVGCGKSSLLLAALGEMQKVSGAVFWSSLPDSEIGEDPSPERETATDLDIRKRGPVAYASQKPWLLNATVEENIIFESPFNKQRYKMVIEACSLQPDIDILPHGDQTQIGERGINLSGGQRQRISVARALYQHANVVFLDDPFSALDIHLSDHLMQAGILELLRDDKRTVVLVTHKLQYLPHADWIIAMKDGTIQREGTLKDFQRSECQLFEHWKTLMNRQDQELEKETVTERKATEPPQGLSRAMSSRDGLLQDEEEEEEEAAESEEDDNLSSMLHQRAEIPWRACAKYLSSAGILLLSLLVFSQLLKHMVLVAIDYWLAKWTDSALTLTPAARNCSLSQECTLDQTVYAMVFTVLCSLGIVLCLVTSVTVEWTGLKVAKRLHRSLLNRIILAPMRFFETTPLGSILNRFSSDCNTIDQHIPSTLECLSRSTLLCVSALAVISYVTPVFLVALLPLAIVCYFIQKYFRVASRDLQQLDDTTQLPLLSHFAETVEGLTTIRAFRYEARFQQKLLEYTDSNNIASLFLTAANRWLEVRMEYIGACVVLIAAVTSISNSLHRELSAGLVGLGLTYALMVSNYLNWMVRNLADMELQLGAVKRIHGLLKTEAESYEGLLAPSLIPKNWPDQGKIQIQNLSVRYDSSLKPVLKHVNALIAPGQKIGICGRTGSGKSSFSLAFFRMVDTFEGHIIIDGIDIAKLPLHTLRSRLSIILQDPVLFSGTIRFNLDPERKCSDSTLWEALEIAQLKLVVKALPGGLDAIITEGGENFSQGQRQLFCLARAFVRKTSIFIMDEATASIDMATENILQKVVMTAFADRTVVTIAHRVHTILSADLVIVLKRGAILEFDKPEKLLSRKDSVFASFVRADK,NM_000352.4,NC_000011.10:g.17395881G>A,,[188]
PDX1,c.188delC,p.Pro63ArgfsTer60,"NP_000200.1
 NM_000209.3",1.45E-05,Brazil,2018,-191,,ENST00000381033.5,MNGEEQYYAATQLYKDPCAFQRGPAPEFSASPPACLYMGRQPPPPPPHPFPGALGALEQGSPPDISPYEVPPLADDPAVAHLHHHLPAQLALPHPPAGPFPEGAEPGVLEEPNRVQLPFPWMKSTKAHAWKGQWAGGAYAAEPEENKRTRTAYTRAQLLELEKEFLFNKYISRPRRVELAVMLNLTERHIKIWFQNRRMKWKKEEDKKRGGGTAVGGGGVAEPEQDCAVTSGEELLALPPPPPPGGAVPPAAPVAAREGRLPPGLSASPQPSSVAPRRPQEPR;MNGEEQYYAATQLYKDPCAFQRGPAPEFSASPPACLYMGRQPPPPPPHPFPGALGALEQGSPPDISPYEVPPLADDPAVAHLHHHLPAQLALPHPPAGPFPEGAEPGVLEEPNRVQLPFPWMKSTKAHAWKGQWAGGAYAAEPEENKRTRTAYTRAQLLELEKEFLFNKYISRPRRVELAVMLNLTERHIKIWFQNRRMKWKKEEDKKRGGGTAVGGGGVAEPEQDCAVTSGEELLALPPPPPPGGAVPPAAPVAAREGRLPPGLSASPQPSSVAPRRPQEPR,NM_000209.3,NC_000013.11:g.27920326del,,[191]
NEUROD1,"c.616_617insC,",p.His206ProfsTer38,"NP_002491.2
 NM_002500.4",,Japan,2018,-195,,,MTKSYSESGLMGEPQPQGPPSWTDECLSSQDEEHEADKKEDDLEAMNAEEDSLRNGGEEEDEDEDLEEEEEEEEEDDDQKPKRRGPKKKKMTKARLERFKLRRMKANARERNRMHGLNAALDNLRKVVPCYSKTQKLSKIETLRLAKNYIWALSEILRSGKSPDLVSFVQTLCKGLSQPTTNLVAGCLQLNPRTFLPEQNQDMPPHLPTASASFPVHPYSYQSPGLPSPPYGTMDSSHVFHVKPPPHAYSAALEPFFESPLTDCTSPSFDGPLSPPLSINGNFSFKHEPSAEFEKNYAFTMHYPAATLAGAQSHGSIFSGTAAPRCEIPIDNIMSFDSHSHHERVMSAQLNAIFHD;MTKSYSESGLMGEPQPQGPPSWTDECLSSQDEEHEADKKEDDLEAMNAEEDSLRNGGEEEDEDEDLEEEEEEEEEDDDQKPKRRGPKKKKMTKARLERFKLRRMKANARERNRMHGLNAALDNLRKVVPCYSKTQKLSKIETLRLAKNYIWALSEILRSGKSPDLVSFVQTLCKGLSQPTTNLVAGCLQLNPRTFLPEQNQDMPPHLPTASASFPVHPYSYQSPGLPSPPYGTMDSSHVFHVKPPPHAYSAALEPFFESPLTDCTSPSFDGPLSPPLSINGNFSFKHEPSAEFEKNYAFTMHYPAATLAGAQSHGSIFSGTAAPRCEIPIDNIMSFDSHSHHERVMSAQLNAIFHD,NM_002500.4,NC_000002.12:g.181678251dup,,[195]
NEUROD1,c.734delC,p.Pro245ArgfsTer17,"NP_002491.2
 NM_002500.4",,Japan,,-195,,,MTKSYSESGLMGEPQPQGPPSWTDECLSSQDEEHEADKKEDDLEAMNAEEDSLRNGGEEEDEDEDLEEEEEEEEEDDDQKPKRRGPKKKKMTKARLERFKLRRMKANARERNRMHGLNAALDNLRKVVPCYSKTQKLSKIETLRLAKNYIWALSEILRSGKSPDLVSFVQTLCKGLSQPTTNLVAGCLQLNPRTFLPEQNQDMPPHLPTASASFPVHPYSYQSPGLPSPPYGTMDSSHVFHVKPPPHAYSAALEPFFESPLTDCTSPSFDGPLSPPLSINGNFSFKHEPSAEFEKNYAFTMHYPAATLAGAQSHGSIFSGTAAPRCEIPIDNIMSFDSHSHHERVMSAQLNAIFHD;MTKSYSESGLMGEPQPQGPPSWTDECLSSQDEEHEADKKEDDLEAMNAEEDSLRNGGEEEDEDEDLEEEEEEEEEDDDQKPKRRGPKKKKMTKARLERFKLRRMKANARERNRMHGLNAALDNLRKVVPCYSKTQKLSKIETLRLAKNYIWALSEILRSGKSPDLVSFVQTLCKGLSQPTTNLVAGCLQLNPRTFLPEQNQDMPPHLPTASASFPVHPYSYQSPGLPSPPYGTMDSSHVFHVKPPPHAYSAALEPFFESPLTDCTSPSFDGPLSPPLSINGNFSFKHEPSAEFEKNYAFTMHYPAATLAGAQSHGSIFSGTAAPRCEIPIDNIMSFDSHSHHERVMSAQLNAIFHD,NM_002500.4,NC_000002.12:g.181678128del,,[195]
NEUROD1,,p.Leu157Arg,NP_002491.2,,Japan,,-195,,,MTKSYSESGLMGEPQPQGPPSWTDECLSSQDEEHEADKKEDDLEAMNAEEDSLRNGGEEEDEDEDLEEEEEEEEEDDDQKPKRRGPKKKKMTKARLERFKLRRMKANARERNRMHGLNAALDNLRKVVPCYSKTQKLSKIETLRLAKNYIWALSEILRSGKSPDLVSFVQTLCKGLSQPTTNLVAGCLQLNPRTFLPEQNQDMPPHLPTASASFPVHPYSYQSPGLPSPPYGTMDSSHVFHVKPPPHAYSAALEPFFESPLTDCTSPSFDGPLSPPLSINGNFSFKHEPSAEFEKNYAFTMHYPAATLAGAQSHGSIFSGTAAPRCEIPIDNIMSFDSHSHHERVMSAQLNAIFHD,NM_002500.4,None,,[195]
NEUROD1,c.616delC,p.His206ThrfsTer56,"NP_002491.2
 NM_002500.4",,Japan,,-195,,,MTKSYSESGLMGEPQPQGPPSWTDECLSSQDEEHEADKKEDDLEAMNAEEDSLRNGGEEEDEDEDLEEEEEEEEEDDDQKPKRRGPKKKKMTKARLERFKLRRMKANARERNRMHGLNAALDNLRKVVPCYSKTQKLSKIETLRLAKNYIWALSEILRSGKSPDLVSFVQTLCKGLSQPTTNLVAGCLQLNPRTFLPEQNQDMPPHLPTASASFPVHPYSYQSPGLPSPPYGTMDSSHVFHVKPPPHAYSAALEPFFESPLTDCTSPSFDGPLSPPLSINGNFSFKHEPSAEFEKNYAFTMHYPAATLAGAQSHGSIFSGTAAPRCEIPIDNIMSFDSHSHHERVMSAQLNAIFHD;MTKSYSESGLMGEPQPQGPPSWTDECLSSQDEEHEADKKEDDLEAMNAEEDSLRNGGEEEDEDEDLEEEEEEEEEDDDQKPKRRGPKKKKMTKARLERFKLRRMKANARERNRMHGLNAALDNLRKVVPCYSKTQKLSKIETLRLAKNYIWALSEILRSGKSPDLVSFVQTLCKGLSQPTTNLVAGCLQLNPRTFLPEQNQDMPPHLPTASASFPVHPYSYQSPGLPSPPYGTMDSSHVFHVKPPPHAYSAALEPFFESPLTDCTSPSFDGPLSPPLSINGNFSFKHEPSAEFEKNYAFTMHYPAATLAGAQSHGSIFSGTAAPRCEIPIDNIMSFDSHSHHERVMSAQLNAIFHD,NM_002500.4,NC_000002.12:g.181678251del,,[195]
NEUROD1,c.308G > C,p.Arg103Pro,"NP_002491.2
 NM_002500.4
 (26773576)",,Poland,2016,-196,,,MTKSYSESGLMGEPQPQGPPSWTDECLSSQDEEHEADKKEDDLEAMNAEEDSLRNGGEEEDEDEDLEEEEEEEEEDDDQKPKRRGPKKKKMTKARLERFKLRRMKANARERNRMHGLNAALDNLRKVVPCYSKTQKLSKIETLRLAKNYIWALSEILRSGKSPDLVSFVQTLCKGLSQPTTNLVAGCLQLNPRTFLPEQNQDMPPHLPTASASFPVHPYSYQSPGLPSPPYGTMDSSHVFHVKPPPHAYSAALEPFFESPLTDCTSPSFDGPLSPPLSINGNFSFKHEPSAEFEKNYAFTMHYPAATLAGAQSHGSIFSGTAAPRCEIPIDNIMSFDSHSHHERVMSAQLNAIFHD;MTKSYSESGLMGEPQPQGPPSWTDECLSSQDEEHEADKKEDDLEAMNAEEDSLRNGGEEEDEDEDLEEEEEEEEEDDDQKPKRRGPKKKKMTKARLERFKLRRMKANARERNRMHGLNAALDNLRKVVPCYSKTQKLSKIETLRLAKNYIWALSEILRSGKSPDLVSFVQTLCKGLSQPTTNLVAGCLQLNPRTFLPEQNQDMPPHLPTASASFPVHPYSYQSPGLPSPPYGTMDSSHVFHVKPPPHAYSAALEPFFESPLTDCTSPSFDGPLSPPLSINGNFSFKHEPSAEFEKNYAFTMHYPAATLAGAQSHGSIFSGTAAPRCEIPIDNIMSFDSHSHHERVMSAQLNAIFHD,NM_002500.4,NC_000002.12:g.181678553C>G,,[196]
NEUROD1,,p.Phe256Leufs*2,NP_002491.2,,Brazil,2019,-197,,,MTKSYSESGLMGEPQPQGPPSWTDECLSSQDEEHEADKKEDDLEAMNAEEDSLRNGGEEEDEDEDLEEEEEEEEEDDDQKPKRRGPKKKKMTKARLERFKLRRMKANARERNRMHGLNAALDNLRKVVPCYSKTQKLSKIETLRLAKNYIWALSEILRSGKSPDLVSFVQTLCKGLSQPTTNLVAGCLQLNPRTFLPEQNQDMPPHLPTASASFPVHPYSYQSPGLPSPPYGTMDSSHVFHVKPPPHAYSAALEPFFESPLTDCTSPSFDGPLSPPLSINGNFSFKHEPSAEFEKNYAFTMHYPAATLAGAQSHGSIFSGTAAPRCEIPIDNIMSFDSHSHHERVMSAQLNAIFHD,NM_002500.4,None,,[197]
PAX4,IVS7-1G>A,,NaN,,Thailand,2016,-198,,,,,None,,[198]
PAX4,c.374-412 del 39,,,,Japan,2011,-200,,,,,None,,[200]
PAX4,c.593 C>T,p.Ala198Val,"NM_006193.2
 NP_006184.2",,Italy,2018,-201,VUS,,MNQLGGLFVNGRPLPLDTRQQIVRLAVSGMRPCDISRILKVSNGCVSKILGRYYRTGVLEPKGIGGSKPRLATPPVVARIAQLKGECPALFAWEIQRQLCAEGLCTQDKTPSVSSINRVLRALQEDQGLPCTRLRSPAVLAPAVLTPHSGSETPRGTHPGTGHRNRTIFSPSQAEALEKEFQRGQYPDSVARGKLATATSLPEDTVRVWFSNRRAKWRRQEKLKWEMQLPGASQGLTVPRVAPGIISAQQSPGSVPTAALPALEPLGPSCYQLCWATAPERCLSDTPPKACLKPCWGHLPPQPNSLDSGLLCLPCPSSHCHLASLSGSQALLWPGCPLLYGLE;MNQLGGLFVNGRPLPLDTRQQIVRLAVSGMRPCDISRILKVSNGCVSKILGRYYRTGVLEPKGIGGSKPRLATPPVVARIAQLKGECPALFAWEIQRQLCAEGLCTQDKTPSVSSINRVLRALQEDQGLPCTRLRSPAVLAPAVLTPHSGSETPRGTHPGTGHRNRTIFSPSQAEALEKEFQRGQYPDSVARGKLATATSLPEDTVRVWFSNRRAKWRRQEKLKWEMQLPGASQGLTVPRVAPGIISAQQSPGSVPTAALPALEPLGPSCYQLCWATAPERCLSDTPPKACLKPCWGHLPPQPNSLDSGLLCLPCPSSHCHLASLSGSQALLWPGCPLLYGLE,NM_006193.2,NC_000007.14:g.127613478G>A,,[201]
KLF11,,p.His418Gln,NP_003588.1,,Japan,2019,-204,,ENST00000305883.6,MHTPDFAGPDDARAVDIMDICESILERKRHDSERSTCSILEQTDMEAVEALVCMSSWGQRSQKGDLLRIRPLTPVSDSGDVTTTVHMDAATPELPKDFHSLSTLCITPPQSPDLVEPSTRTPVSPQVTDSKACTATDVLQSSAVVARALSGGAERGLLGLEPVPSSPCRAKGTSVIRHTGESPAACFPTIQTPDCRLSDSREGEEQLLGHFETLQDTHLTDSLLSTNLVSCQPCLHKSGGLLLTDKGQQAGWPGAVQTCSPKNYENDLPRKTTPLISVSVPAPPVLCQMIPVTGQSSMLPAFLKPPPQLSVGTVRPILAQAAPAPQPVFVGPAVPQGAVMLVLPQGALPPPAPCAANVMAAGNTKLLPLAPAPVFITSSQNCVPQVDFSRRRNYVCSFPGCRKTYFKSSHLKAHLRTHTGEKPFNCSWDGCDKKFARSDELSRHRRTHTGEKKFVCPVCDRRFMRSDHLTKHARRHMTTKKIPGWQAEVGKLNRIASAESPGSPLVSMPASA,NM_003597,None,,[204]
HNF1B,c.983delC,p.Pro328Leufs*48,"NM_000458.3
 NP_000449.1",,Brazil,2019,-207,,ENST00000617811.5,MVSKLTSLQQELLSALLSSGVTKEVLVQALEELLPSPNFGVKLETLPLSPGSGAEPDTKPVFHTLTNGHAKGRLSGDEGSEDGDDYDTPPILKELQALNTEEAAEQRAEVDRMLSEDPWRAAKMIKGYMQQHNIPQREVVDVTGLNQSHLSQHLNKGTPMKTQKRAALYTWYVRKQREILRQFNQTVQSSGNMTDKSSQDQLLFLFPEFSQQSHGPGQSDDACSEPTNKKMRRNRFKWGPASQQILYQAYDRQKNPSKEEREALVEECNRAECLQRGVSPSKAHGLGSNLVTEVRVYNWFANRRKEEAFRQKLAMDAYSSNQTHSLNPLLSHGSPHHQPSSSPPNKLSGVRYSQQGNNEITSSSTISHHGNSAMVTSQSVLQQVSPASLDPGHNLLSPDGKMISVSGGGLPPVSTLTNIHSLSHHNPQQSQNLIMTPLSGVMAIAQSLNTSQAQSVPVINSVAGSLAALQPVQFSQQLHSPHQQPLMQQSPGSHMAQQPFMAAVTQLQNSHMYAHKQEPPQYSHTSRFPSAMVVTDTSSISTLTNMSSSKQCPLQAW;MVSKLTSLQQELLSALLSSGVTKEVLVQALEELLPSPNFGVKLETLPLSPGSGAEPDTKPVFHTLTNGHAKGRLSGDEGSEDGDDYDTPPILKELQALNTEEAAEQRAEVDRMLSEDPWRAAKMIKGYMQQHNIPQREVVDVTGLNQSHLSQHLNKGTPMKTQKRAALYTWYVRKQREILRQFNQTVQSSGNMTDKSSQDQLLFLFPEFSQQSHGPGQSDDACSEPTNKKMRRNRFKWGPASQQILYQAYDRQKNPSKEEREALVEECNRAECLQRGVSPSKAHGLGSNLVTEVRVYNWFANRRKEEAFRQKLAMDAYSSNQTHSLNPLLSHGSPHHQPSSSPPNKLSGVRYSQQGNNEITSSSTISHHGNSAMVTSQSVLQQVSPASLDPGHNLLSPDGKMISVSGGGLPPVSTLTNIHSLSHHNPQQSQNLIMTPLSGVMAIAQSLNTSQAQSVPVINSVAGSLAALQPVQFSQQLHSPHQQPLMQQSPGSHMAQQPFMAAVTQLQNSHMYAHKQEPPQYSHTSRFPSAMVVTDTSSISTLTNMSSSKQCPLQAW,NM_000458.3,NC_000017.11:g.37731659del,,[207]
GCK,,p.Gly178Ala,NP_000153.1,,Brazil,2017,-209,,ENST00000403799.8,MLDDRARMEAAKKEKVEQILAEFQLQEEDLKKVMRRMQKEMDRGLRLETHEEASVKMLPTYVRSTPEGSEVGDFLSLDLGGTNFRVMLVKVGEGEEGQWSVKTKHQMYSIPEDAMTGTAEMLFDYISECISDFLDKHQMKHKKLPLGFTFSFPVRHEDIDKGILLNWTKGFKASGAEGNNVVGLLRDAIKRRGDFEMDVVAMVNDTVATMISCYYEDHQCEVGMIVGTGCNACYMEEMQNVELVEGDEGRMCVNTEWGAFGDSGELDEFLLEYDRLVDESSANPGQQLYEKLIGGKYMGELVRLVLLRLVDENLLFHGEASEQLRTRGAFETRFVSQVESDTGDRKQIYNILSTLGLRPSTTDCDIVRRACESVSTRAAHMCSAGLAGVINRMRESRSEDVMRITVGVDGSVYKLHPSFKERFHASVRRLTPSCEITFIESEEGSGRGAALVSAVACKKACMLGQ,NM_001354800.1,None,,[209]
HNF1A,Gly288fs*863_864insC,p.Pro289AlafsTer28,"NM_000545.6
 NP_000536.5",,Denmark,2017,-211,,,MVSKLSQLQTELLAALLESGLSKEALIQALGEPGPYLLAGEGPLDKGESCGGGRGELAELPNGLGETRGSEDETDDDGEDFTPPILKELENLSPEEAAHQKAVVETLLQEDPWRVAKMVKSYLQQHNIPQREVVDTTGLNQSHLSQHLNKGTPMKTQKRAALYTWYVRKQREVAQQFTHAGQGGLIEEPTGDELPTKKGRRNRFKWGPASQQILFQAYERQKNPSKEERETLVEECNRAECIQRGVSPSQAQGLGSNLVTEVRVYNWFANRRKEEAFRHKLAMDTYSGPPPGPGPGPALPAHSSPGLPPPALSPSKVHGVRYGQPATSETAEVPSSSGGPLVTVSTPLHQVSPTGLEPSHSLLSTEAKLVSAAGGPLPPVSTLTALHSLEQTSPGLNQQPQNLIMASLPGVMTIGPGEPASLGPTFTNTGASTLVIGLASTQAQSVPVINSMGSSLTTLQPVQFSQPLHPSYQQPLMPPVQSHVTQSPFMATMAQLQSPHALYSHKPEVAQYTHTGLLPQTMLITDTTNLSALASLTPTKQVFTSDTEASSESGLHTPASQATTLHVPSQDPAGIQHLQPAHRLSASPTVSSSSLVLYQSSDSSNGQSHLLPSNHSVIETFISTQMASSSQ;MVSKLSQLQTELLAALLESGLSKEALIQALGEPGPYLLAGEGPLDKGESCGGGRGELAELPNGLGETRGSEDETDDDGEDFTPPILKELENLSPEEAAHQKAVVETLLQEDPWRVAKMVKSYLQQHNIPQREVVDTTGLNQSHLSQHLNKGTPMKTQKRAALYTWYVRKQREVAQQFTHAGQGGLIEEPTGDELPTKKGRRNRFKWGPASQQILFQAYERQKNPSKEERETLVEECNRAECIQRGVSPSQAQGLGSNLVTEVRVYNWFANRRKEEAFRHKLAMDTYSGPPPGPGPGPALPAHSSPGLPPPALSPSKVHGVRYGQPATSETAEVPSSSGGPLVTVSTPLHQVSPTGLEPSHSLLSTEAKLVSAAGGPLPPVSTLTALHSLEQTSPGLNQQPQNLIMASLPGVMTIGPGEPASLGPTFTNTGASTLVIGLASTQAQSVPVINSMGSSLTTLQPVQFSQPLHPSYQQPLMPPVQSHVTQSPFMATMAQLQSPHALYSHKPEVAQYTHTGLLPQTMLITDTTNLSALASLTPTKQVFTSDTEASSESGLHTPASQATTLHVPSQDPAGIQHLQPAHRLSASPTVSSSSLVLYQSSDSSNGQSHLLPSNHSVIETFISTQMASSSQ,NM_000545.6,None,,[211]
HNF4A,992G>A,p.Arg331His,"NM_178849.2
 NP_849180.1",4.02E-06,Denmark,,-211,VUS,,MRLSKTLVDMDMADYSAALDPAYTTLEFENVQVLTMGNDTSPSEGTNLNAPNSLGVSALCAICGDRATGKHYGASSCDGCKGFFRRSVRKNHMYSCRFSRQCVVDKDKRNQCRYCRLKKCFRAGMKKEAVQNERDRISTRRSSYEDSSLPSINALLQAEVLSRQITSPVSGINGDIRAKKIASIADVCESMKEQLLVLVEWAKYIPAFCELPLDDQVALLRAHAGEHLLLGATKRSMVFKDVLLLGNDYIVPRHCPELAEMSRVSIRILDELVLPFQELQIDDNEYAYLKAIIFFDPDAKGLSDPGKIKRLRSQVQVSLEDYINDRQYDSRGRFGELLLLLPTLQSITWQMIEQIQFIKLFGMAKIDNLLQEMLLGGSPSDAPHAHHPLHPHLMQEHMGTNVIVANTMPTHLSNGQMSTPETPQPSPPGGSGSEPYKLLPGAVATIVKPLSAIPQPTITKQEVI;MRLSKTLVDMDMADYSAALDPAYTTLEFENVQVLTMGNDTSPSEGTNLNAPNSLGVSALCAICGDRATGKHYGASSCDGCKGFFRRSVRKNHMYSCRFSRQCVVDKDKRNQCRYCRLKKCFRAGMKKEAVQNERDRISTRRSSYEDSSLPSINALLQAEVLSRQITSPVSGINGDIRAKKIASIADVCESMKEQLLVLVEWAKYIPAFCELPLDDQVALLRAHAGEHLLLGATKRSMVFKDVLLLGNDYIVPRHCPELAEMSRVSIRILDELVLPFQELQIDDNEYAYLKAIIFFDPDAKGLSDPGKIKRLRSQVQVSLEDYINDRQYDSRGRFGELLLLLPTLQSITWQMIEQIQFIKLFGMAKIDNLLQEMLLGGSPSDAPHAHHPLHPHLMQEHMGTNVIVANTMPTHLSNGQMSTPETPQPSPPGGSGSEPYKLLPGAVATIVKPLSAIPQPTITKQEVI,NM_178849.2,None,,[211]
HNF4A,c.987 1003del17ins9,p.Leu330fs,NP_001245284.1,,UK,2008,-213,,,MILLPLRLARLRHPLRHHWSISGGVDSSPQGDTSPSEGTNLNAPNSLGVSALCAICGDRATGKHYGASSCDGCKGFFRRSVRKNHMYSCRFSRQCVVDKDKRNQCRYCRLKKCFRAGMKKEAVQNERDRISTRRSSYEDSSLPSINALLQAEVLSRQITSPVSGINGDIRAKKIASIADVCESMKEQLLVLVEWAKYIPAFCELPLDDQVALLRAHAGEHLLLGATKRSMVFKDVLLLGNDYIVPRHCPELAEMSRVSIRILDELVLPFQELQIDDNEYAYLKAIIFFDPDAKGLSDPGKIKRLRSQVQVSLEDYINDRQYDSRGRFGELLLLLPTLQSITWQMIEQIQFIKLFGMAKIDNLLQEMLLGGSPSDAPHAHHPLHPHLMQEHMGTNVIVANTMPTHLSNGQMCEWPRPRGQAATPETPQPSPPGGSGSEPYKLLPGAVATIVKPLSAIPQPTITKQEVI,NM_001258355,None,,[213]
HNF4A,c.26421A>G,,,,UK,,-213,,,,,None,,[213]
HNF4A,c.48C>G,p.Tyr16X,"NM_001287182.1
 NP_001274111.1
 (17407387)",,UK,,-213,P,,MSDWGQGFPQDPPDTSPSEGTNLNAPNSLGVSALCAICGDRATGKHYGASSCDGCKGFFRRSVRKNHMYSCRFSRQCVVDKDKRNQCRYCRLKKCFRAGMKKEAVQNERDRISTRRSSYEDSSLPSINALLQAEVLSRQITSPVSGINGDIRAKKIASIADVCESMKEQLLVLVEWAKYIPAFCELPLDDQVALLRAHAGEHLLLGATKRSMVFKDVLLLGNDYIVPRHCPELAEMSRVSIRILDELVLPFQELQIDDNEYAYLKAIIFFDPDAKGLSDPGKIKRLRSQVQVSLEDYINDRQYDSRGRFGELLLLLPTLQSITWQMIEQIQFIKLFGMAKIDNLLQEMLLGGSPSDAPHAHHPLHPHLMQEHMGTNVIVANTMPTHLSNGQMSTPETPQPSPPGGSGSEPYKLLPGAVATIVKPLSAIPQPTITKQEVI;MSDWGQGFPQDPPDTSPSEGTNLNAPNSLGVSALCAICGDRATGKHYGASSCDGCKGFFRRSVRKNHMYSCRFSRQCVVDKDKRNQCRYCRLKKCFRAGMKKEAVQNERDRISTRRSSYEDSSLPSINALLQAEVLSRQITSPVSGINGDIRAKKIASIADVCESMKEQLLVLVEWAKYIPAFCELPLDDQVALLRAHAGEHLLLGATKRSMVFKDVLLLGNDYIVPRHCPELAEMSRVSIRILDELVLPFQELQIDDNEYAYLKAIIFFDPDAKGLSDPGKIKRLRSQVQVSLEDYINDRQYDSRGRFGELLLLLPTLQSITWQMIEQIQFIKLFGMAKIDNLLQEMLLGGSPSDAPHAHHPLHPHLMQEHMGTNVIVANTMPTHLSNGQMSTPETPQPSPPGGSGSEPYKLLPGAVATIVKPLSAIPQPTITKQEVI,NM_001287182.1,NC_000020.11:g.44406065C>G,,[213]
ABCC8,,p.Ala1457Thr,"NP_000343.2
 (12364426)",,Russia,2016,-215,,ENST00000389817.8,MPLAFCGSENHSAAYRVDQGVLNNGCFVDALNVVPHVFLLFITFPILFIGWGSQSSKVHIHHSTWLHFPGHNLRWILTFMLLFVLVCEIAEGILSDGVTESHHLHLYMPAGMAFMAAVTSVVYYHNIETSNFPKLLIALLVYWTLAFITKTIKFVKFLDHAIGFSQLRFCLTGLLVILYGMLLLVEVNVIRVRRYIFFKTPREVKPPEDLQDLGVRFLQPFVNLLSKGTYWWMNAFIKTAHKKPIDLRAIGKLPIAMRALTNYQRLCEAFDAQVRKDIQGTQGARAIWQALSHAFGRRLVLSSTFRILADLLGFAGPLCIFGIVDHLGKENDVFQPKTQFLGVYFVSSQEFLANAYVLAVLLFLALLLQRTFLQASYYVAIETGINLRGAIQTKIYNKIMHLSTSNLSMGEMTAGQICNLVAIDTNQLMWFFFLCPNLWAMPVQIIVGVILLYYILGVSALIGAAVIILLAPVQYFVATKLSQAQRSTLEYSNERLKQTNEMLRGIKLLKLYAWENIFRTRVETTRRKEMTSLRAFAIYTSISIFMNTAIPIAAVLITFVGHVSFFKEADFSPSVAFASLSLFHILVTPLFLLSSVVRSTVKALVSVQKLSEFLSSAEIREEQCAPHEPTPQGPASKYQAVPLRVVNRKRPAREDCRGLTGPLQSLVPSADGDADNCCVQIMGGYFTWTPDGIPTLSNITIRIPRGQLTMIVGQVGCGKSSLLLAALGEMQKVSGAVFWSSLPDSEIGEDPSPERETATDLDIRKRGPVAYASQKPWLLNATVEENIIFESPFNKQRYKMVIEACSLQPDIDILPHGDQTQIGERGINLSGGQRQRISVARALYQHANVVFLDDPFSALDIHLSDHLMQAGILELLRDDKRTVVLVTHKLQYLPHADWIIAMKDGTIQREGTLKDFQRSECQLFEHWKTLMNRQDQELEKETVTERKATEPPQGLSRAMSSRDGLLQDEEEEEEEAAESEEDDNLSSMLHQRAEIPWRACAKYLSSAGILLLSLLVFSQLLKHMVLVAIDYWLAKWTDSALTLTPAARNCSLSQECTLDQTVYAMVFTVLCSLGIVLCLVTSVTVEWTGLKVAKRLHRSLLNRIILAPMRFFETTPLGSILNRFSSDCNTIDQHIPSTLECLSRSTLLCVSALAVISYVTPVFLVALLPLAIVCYFIQKYFRVASRDLQQLDDTTQLPLLSHFAETVEGLTTIRAFRYEARFQQKLLEYTDSNNIASLFLTAANRWLEVRMEYIGACVVLIAAVTSISNSLHRELSAGLVGLGLTYALMVSNYLNWMVRNLADMELQLGAVKRIHGLLKTEAESYEGLLAPSLIPKNWPDQGKIQIQNLSVRYDSSLKPVLKHVNALIAPGQKIGICGRTGSGKSSFSLAFFRMVDTFEGHIIIDGIDIAKLPLHTLRSRLSIILQDPVLFSGTIRFNLDPERKCSDSTLWEALEIAQLKLVVKALPGGLDAIITEGGENFSQGQRQLFCLARAFVRKTSIFIMDEATASIDMATENILQKVVMTAFADRTVVTIAHRVHTILSADLVIVLKRGAILEFDKPEKLLSRKDSVFASFVRADK,NM_000352.4,None,,[215]
HNF4A,c.268C>T,p.Gln268Ser,,,USA,1996,-217,,,,,None,,[217]
GCK,c.364-8T>G,,"NM_033508.1
 NP_277043.1",,Iran,2019,-220,,,MPRPRSQLPQPNSQVEQILAEFQLQEEDLKKVMRRMQKEMDRGLRLETHEEASVKMLPTYVRSTPEGSEVGDFLSLDLGGTNFRVMLVKVGEGEEGQWSVKTKHQMYSIPEDAMTGTAEMLFDYISECISDFLDKHQMKHKKLPLGFTFSFPVRHEDIDKGILLNWTKGFKASGAEGNNVVGLLRDAIKRRGDFEMDVVAMVNDTVATMISCYYEDHQCEVGMIVGTGCNACYMEEMQNVELVEGDEGRMCVNTEWGAFGDSGELDEFLLEYDRLVDESSANPGQQLYEKLIGGKYMGELVRLVLLRLVDENLLFHGEASEQLRTRGAFETRFVSQVESDTGDRKQIYNILSTLGLRPSTTDCDIVRRACESVSTRAAHMCSAGLAGVINRMRESRSEDVMRITVGVDGSVYKLHPSFKERFHASVRRLTPSCEITFIESEEGSGRGAALVSAVACKKACMLGQ;MPRPRSQLPQPNSQVEQILAEFQLQEEDLKKVMRRMQKEMDRGLRLETHEEASVKMLPTYVRSTPEGSEVGDFLSLDLGGTNFRVMLVKVGEGEEGQWSVKTKHQMYSIPEDAMTGTAEMLFDYISECISDFLDKHQMKHKKLPLGFTFSFPVRHEDIDKGILLNWTKGFKASGAEGNNVVGLLRDAIKRRGDFEMDVVAMVNDTVATMISCYYEDHQCEVGMIVGTGCNACYMEEMQNVELVEGDEGRMCVNTEWGAFGDSGELDEFLLEYDRLVDESSANPGQQLYEKLIGGKYMGELVRLVLLRLVDENLLFHGEASEQLRTRGAFETRFVSQVESDTGDRKQIYNILSTLGLRPSTTDCDIVRRACESVSTRAAHMCSAGLAGVINRMRESRSEDVMRITVGVDGSVYKLHPSFKERFHASVRRLTPSCEITFIESEEGSGRGAALVSAVACKKACMLGQ,NM_033508.1,NC_000007.14:g.44151080A>C,,[220]
GCK,,p.Arg308lys,NP_000153.1,,India,2014,-221,,ENST00000403799.8,MLDDRARMEAAKKEKVEQILAEFQLQEEDLKKVMRRMQKEMDRGLRLETHEEASVKMLPTYVRSTPEGSEVGDFLSLDLGGTNFRVMLVKVGEGEEGQWSVKTKHQMYSIPEDAMTGTAEMLFDYISECISDFLDKHQMKHKKLPLGFTFSFPVRHEDIDKGILLNWTKGFKASGAEGNNVVGLLRDAIKRRGDFEMDVVAMVNDTVATMISCYYEDHQCEVGMIVGTGCNACYMEEMQNVELVEGDEGRMCVNTEWGAFGDSGELDEFLLEYDRLVDESSANPGQQLYEKLIGGKYMGELVRLVLLRLVDENLLFHGEASEQLRTRGAFETRFVSQVESDTGDRKQIYNILSTLGLRPSTTDCDIVRRACESVSTRAAHMCSAGLAGVINRMRESRSEDVMRITVGVDGSVYKLHPSFKERFHASVRRLTPSCEITFIESEEGSGRGAALVSAVACKKACMLGQ,NM_001354800.1,None,,[221]
HNF1B,heterozygous deletion,,,,New Zealand,2017,-226,,,,,None,,[226]
HNF1B,HNF1b deletion,,,,USA,2019,-227,,,,,None,,[227]
GCK,c.1116G>C,p.Glu372Asp,NP_000153.1,,Italy,2019,-228,VUS,ENST00000403799.8,MLDDRARMEAAKKEKVEQILAEFQLQEEDLKKVMRRMQKEMDRGLRLETHEEASVKMLPTYVRSTPEGSEVGDFLSLDLGGTNFRVMLVKVGEGEEGQWSVKTKHQMYSIPEDAMTGTAEMLFDYISECISDFLDKHQMKHKKLPLGFTFSFPVRHEDIDKGILLNWTKGFKASGAEGNNVVGLLRDAIKRRGDFEMDVVAMVNDTVATMISCYYEDHQCEVGMIVGTGCNACYMEEMQNVELVEGDEGRMCVNTEWGAFGDSGELDEFLLEYDRLVDESSANPGQQLYEKLIGGKYMGELVRLVLLRLVDENLLFHGEASEQLRTRGAFETRFVSQVESDTGDRKQIYNILSTLGLRPSTTDCDIVRRACESVSTRAAHMCSAGLAGVINRMRESRSEDVMRITVGVDGSVYKLHPSFKERFHASVRRLTPSCEITFIESEEGSGRGAALVSAVACKKACMLGQ,NM_000162.4,NC_000007.14:g.44145634C>G,,[228]
HNF1B,HNF1b deletion,,,,Japan,2019,-229,,,,,None,,[229]
HNF1B,HNF1b deletion,,,,UK,2018,-230,,,,,None,,[230]
PDX1,Pro63fsdelC,,NP_000200.1,,USA,2000,-231,,ENST00000381033.5,MNGEEQYYAATQLYKDPCAFQRGPAPEFSASPPACLYMGRQPPPPPPHPFPGALGALEQGSPPDISPYEVPPLADDPAVAHLHHHLPAQLALPHPPAGPFPEGAEPGVLEEPNRVQLPFPWMKSTKAHAWKGQWAGGAYAAEPEENKRTRTAYTRAQLLELEKEFLFNKYISRPRRVELAVMLNLTERHIKIWFQNRRMKWKKEEDKKRGGGTAVGGGGVAEPEQDCAVTSGEELLALPPPPPPGGAVPPAAPVAAREGRLPPGLSASPQPSSVAPRRPQEPR,NM_000209.3,None,,[231]
HNF1B,HNF1b deletion,,,,UK,2013,-232,,,,,None,,[232]
GCK,GCK exon2,,,,UK,2007,-233,,,,,None,,[233]
HNF1A,Exon1,,,,UK,,-233,,,,,None,,[233]
HNF1A,Exon2-10,,,,UK,,-233,,,,,None,,[233]
HNF1A,Exon 1-10,,,,UK,,-233,,,,,None,,[233]
HNF1B,HNF1b deletion,,,,Germany,2009,-234,,,,,None,,[234]
HNF1B,HNF1b deletion,,,,Germany,2018,-235,,,,,None,,[235]
ABCC8,,p.Arg826Trp,NP_001274103.1,,Argentina,2016,-236,,,MPLAFCGSENHSAAYRVDQGVLNNGCFVDALNVVPHVFLLFITFPILFIGWGSQSSKVHIHHSTWLHFPGHNLRWILTFMLLFVLVCEIAEGILSDGVTESHHLHLYMPAGMAFMAAVTSVVYYHNIETSNFPKLLIALLVYWTLAFITKTIKFVKFLDHAIGFSQLRFCLTGLLVILYGMLLLVEVNVIRVRRYIFFKTPREVKPPEDLQDLGVRFLQPFVNLLSKGTYWWMNAFIKTAHKKPIDLRAIGKLPIAMRALTNYQRLCEAFDAQVRKDIQGTQGARAIWQALSHAFGRRLVLSSTFRILADLLGFAGPLCIFGIVDHLGKENDVFQPKTQFLGVYFVSSQEFLANAYVLAVLLFLALLLQRTFLQASYYVAIETGINLRGAIQTKIYNKIMHLSTSNLSMGEMTAGQICNLVAIDTNQLMWFFFLCPNLWAMPVQIIVGVILLYYILGVSALIGAAVIILLAPVQYFVATKLSQAQRSTLEYSNERLKQTNEMLRGIKLLKLYAWENIFRTRVETTRRKEMTSLRAFAIYTSISIFMNTAIPIAAVLITFVGHVSFFKEADFSPSVAFASLSLFHILVTPLFLLSSVVRSTVKALVSVQKLSEFLSSAEIREEQCAPHEPTPQGPASKYQAVPLRVVNRKRPAREDCRGLTGPLQSLVPSADGDADNCCVQIMGGYFTWTPDGIPTLSNITIRIPRGQLTMIVGQVGCGKSSLLLAALGEMQKVSGAVFWSSSLPDSEIGEDPSPERETATDLDIRKRGPVAYASQKPWLLNATVEENIIFESPFNKQRYKMVIEACSLQPDIDILPHGDQTQIGERGINLSGGQRQRISVARALYQHANVVFLDDPFSALDIHLSDHLMQAGILELLRDDKRTVVLVTHKLQYLPHADWIIAMKDGTIQREGTLKDFQRSECQLFEHWKTLMNRQDQELEKETVTERKATEPPQGLSRAMSSRDGLLQDEEEEEEEAAESEEDDNLSSMLHQRAEIPWRACAKYLSSAGILLLSLLVFSQLLKHMVLVAIDYWLAKWTDSALTLTPAARNCSLSQECTLDQTVYAMVFTVLCSLGIVLCLVTSVTVEWTGLKVAKRLHRSLLNRIILAPMRFFETTPLGSILNRFSSDCNTIDQHIPSTLECLSRSTLLCVSALAVISYVTPVFLVALLPLAIVCYFIQKYFRVASRDLQQLDDTTQLPLLSHFAETVEGLTTIRAFRYEARFQQKLLEYTDSNNIASLFLTAANRWLEVRMEYIGACVVLIAAVTSISNSLHRELSAGLVGLGLTYALMVSNYLNWMVRNLADMELQLGAVKRIHGLLKTEAESYEGLLAPSLIPKNWPDQGKIQIQNLSVRYDSSLKPVLKHVNALIAPGQKIGICGRTGSGKSSFSLAFFRMVDTFEGHIIIDGIDIAKLPLHTLRSRLSIILQDPVLFSGTIRFNLDPERKCSDSTLWEALEIAQLKLVVKALPGGLDAIITEGGENFSQGQRQLFCLARAFVRKTSIFIMDEATASIDMATENILQKVVMTAFADRTVVTIAHRVHTILSADLVIVLKRGAILEFDKPEKLLSRKDSVFASFVRADK,NM_000352.4,None,,[236]
HNF1A,HNF1 ex2-3del mutation,,,,New Zealand,2013,-237,,,,,None,,[237]
