Name,Gene(s),Protein change,Condition(s),Clinical significance (Last reviewed),Review status,Accession,GRCh37Chromosome,GRCh37Location,GRCh38Chromosome,GRCh38Location,VariationID,AlleleID(s),ID,Canonical_SPDI,Unnamed: 15,coordinates
NM_024408.4(NOTCH2):c.7413G>C (p.Ala2471=),NOTCH2,,Hajdu-Cheney syndrome,"Likely benign(Last reviewed: Aug 20, 2022)","criteria provided, single submitter",VCV001927348,1.0,120457932,1.0,119915309,1927348,1987529,,NC_000001.11:119915308:C:G,,1:119915309:C>G
NM_024408.4(NOTCH2):c.7405G>A (p.Val2469Ile),NOTCH2,V2469I,Hajdu-Cheney syndrome,"Uncertain significance(Last reviewed: May 19, 2022)","criteria provided, single submitter",VCV002118969,1.0,120457940,1.0,119915317,2118969,2183317,,NC_000001.11:119915316:C:T,,1:119915317:C>T
NM_024408.4(NOTCH2):c.7402C>A (p.Gln2468Lys),NOTCH2,Q2468K,Hajdu-Cheney syndrome,"Uncertain significance(Last reviewed: Apr 28, 2022)","criteria provided, single submitter",VCV001964735,1.0,120457943,1.0,119915320,1964735,2031197,,NC_000001.11:119915319:G:T,,1:119915320:G>T
NM_024408.4(NOTCH2):c.7368G>C (p.Gly2456=),NOTCH2,,Hajdu-Cheney syndrome,"Likely benign(Last reviewed: Mar 4, 2022)","criteria provided, single submitter",VCV002102486,1.0,120457977,1.0,119915354,2102486,2165531,,NC_000001.11:119915353:C:G,,1:119915354:C>G
NM_024408.4(NOTCH2):c.7353T>C (p.Gly2451=),NOTCH2,,Hajdu-Cheney syndrome,"Likely benign(Last reviewed: Jul 29, 2022)","criteria provided, single submitter",VCV002015217,1.0,120457992,1.0,119915369,2015217,2068015,,NC_000001.11:119915368:A:G,,1:119915369:A>G
NM_024408.4(NOTCH2):c.7338G>T (p.Gly2446=),NOTCH2,,Hajdu-Cheney syndrome,"Likely benign(Last reviewed: Jul 6, 2022)","criteria provided, single submitter",VCV002068546,1.0,120458007,1.0,119915384,2068546,2122518,,NC_000001.11:119915383:C:A,,1:119915384:C>A
NM_024408.4(NOTCH2):c.7336G>C (p.Gly2446Arg),NOTCH2,G2446R,Hajdu-Cheney syndrome,"Uncertain significance(Last reviewed: Aug 31, 2022)","criteria provided, single submitter",VCV001424925,1.0,120458009,1.0,119915386,1424925,1353432,,NC_000001.11:119915385:C:G,,1:119915386:C>G
NM_024408.4(NOTCH2):c.7326C>T (p.Ser2442=),NOTCH2,,Alagille syndrome due to a NOTCH2 point mutation|Hajdu-Cheney syndrome|Hajdu-Cheney syndrome,"Likely benign(Last reviewed: Jul 19, 2022)","criteria provided, multiple submitters, no conflicts",VCV001629266,1.0,120458019,1.0,119915396,1629266,1532051,,NC_000001.11:119915395:G:A,,1:119915396:G>A
NM_024408.4(NOTCH2):c.7323C>A (p.Thr2441=),NOTCH2,,Hajdu-Cheney syndrome,"Likely benign(Last reviewed: Jun 4, 2022)","criteria provided, single submitter",VCV002050630,1.0,120458022,1.0,119915399,2050630,2114975,,NC_000001.11:119915398:G:T,,1:119915399:G>T
NM_024408.4(NOTCH2):c.7317G>T (p.Val2439=),NOTCH2,,Hajdu-Cheney syndrome,"Likely benign(Last reviewed: May 30, 2022)","criteria provided, single submitter",VCV002001133,1.0,120458028,1.0,119915405,2001133,2057773,,NC_000001.11:119915404:C:A,,1:119915405:C>A
NM_024408.4(NOTCH2):c.7269C>A (p.Asp2423Glu),NOTCH2,D2423E,Hajdu-Cheney syndrome,"Uncertain significance(Last reviewed: Sep 1, 2022)","criteria provided, single submitter",VCV001930385,1.0,120458076,1.0,119915453,1930385,1991857,,NC_000001.11:119915452:G:T,,1:119915453:G>T
NM_024408.4(NOTCH2):c.7218T>C (p.Gly2406=),NOTCH2,,Hajdu-Cheney syndrome,"Likely benign(Last reviewed: Sep 23, 2022)","criteria provided, single submitter",VCV002061656,1.0,120458127,1.0,119915504,2061656,2120804,,NC_000001.11:119915503:A:G,,1:119915504:A>G
NM_024408.4(NOTCH2):c.7197G>A (p.Glu2399=),NOTCH2,,Hajdu-Cheney syndrome,"Likely benign(Last reviewed: Oct 21, 2022)","criteria provided, single submitter",VCV001985533,1.0,120458148,1.0,119915525,1985533,2043385,,NC_000001.11:119915524:C:T,,1:119915525:C>T
NM_024408.4(NOTCH2):c.7176T>C (p.Tyr2392=),NOTCH2,,Hajdu-Cheney syndrome,"Likely benign(Last reviewed: Oct 7, 2022)","criteria provided, single submitter",VCV002048092,1.0,120458169,1.0,119915546,2048092,2107278,,NC_000001.11:119915545:A:G,,1:119915546:A>G
NM_024408.4(NOTCH2):c.7159C>A (p.Pro2387Thr),NOTCH2,P2387T,NOTCH2-related condition|Hajdu-Cheney syndrome,"Uncertain significance(Last reviewed: Sep 6, 2023)","criteria provided, multiple submitters, no conflicts",VCV002096763,1.0,120458186,1.0,119915563,2096763,2157252,,NC_000001.11:119915562:G:T,,1:119915563:G>T
NM_024408.4(NOTCH2):c.7146G>A (p.Lys2382=),NOTCH2,,Hajdu-Cheney syndrome,"Likely benign(Last reviewed: Aug 8, 2022)","criteria provided, single submitter",VCV001616924,1.0,120458199,1.0,119915576,1616924,1579927,,NC_000001.11:119915575:C:T,,1:119915576:C>T
NM_024408.4(NOTCH2):c.7140G>C (p.Val2380=),NOTCH2,,Hajdu-Cheney syndrome|Alagille syndrome due to a NOTCH2 point mutation|Hajdu-Cheney syndrome,"Likely benign(Last reviewed: Nov 1, 2022)","criteria provided, multiple submitters, no conflicts",VCV001574670,1.0,120458205,1.0,119915582,1574670,1584995,,NC_000001.11:119915581:C:G,,1:119915582:C>G
NM_024408.4(NOTCH2):c.7129C>A (p.Pro2377Thr),NOTCH2,P2377T,Hajdu-Cheney syndrome,"Uncertain significance(Last reviewed: Dec 20, 2021)","criteria provided, single submitter",VCV002050244,1.0,120458216,1.0,119915593,2050244,2104248,,NC_000001.11:119915592:G:T,,1:119915593:G>T
NM_024408.4(NOTCH2):c.7126T>C (p.Phe2376Leu),NOTCH2,F2376L,Hajdu-Cheney syndrome,"Uncertain significance(Last reviewed: May 19, 2022)","criteria provided, single submitter",VCV002138836,1.0,120458219,1.0,119915596,2138836,1878508,,NC_000001.11:119915595:A:G,,1:119915596:A>G
NM_024408.4(NOTCH2):c.7125T>C (p.Pro2375=),NOTCH2,,Hajdu-Cheney syndrome,"Likely benign(Last reviewed: Oct 25, 2022)","criteria provided, single submitter",VCV002202321,1.0,120458220,1.0,119915597,2202321,1931444,,NC_000001.11:119915596:A:G,,1:119915597:A>G
NM_024408.4(NOTCH2):c.7125T>G (p.Pro2375=),NOTCH2,,Hajdu-Cheney syndrome,"Likely benign(Last reviewed: Mar 13, 2022)","criteria provided, single submitter",VCV002077985,1.0,120458220,1.0,119915597,2077985,2138501,,NC_000001.11:119915596:A:C,,1:119915597:A>C
NM_024408.4(NOTCH2):c.7099C>T (p.Gln2367Ter),NOTCH2,Q2367*,Hajdu-Cheney syndrome,"Pathogenic(Last reviewed: May 22, 2022)","criteria provided, single submitter",VCV002127842,1.0,120458246,1.0,119915623,2127842,2185719,,NC_000001.11:119915622:G:A,,1:119915623:G>A
NM_024408.4(NOTCH2):c.7070T>C (p.Met2357Thr),NOTCH2,M2357T,Hajdu-Cheney syndrome,"Uncertain significance(Last reviewed: Jul 14, 2022)","criteria provided, single submitter",VCV001913961,1.0,120458275,1.0,119915652,1913961,1970292,,NC_000001.11:119915651:A:G,,1:119915652:A>G
NM_024408.4(NOTCH2):c.7055C>T (p.Ala2352Val),NOTCH2,A2352V,Hajdu-Cheney syndrome,"Uncertain significance(Last reviewed: Mar 23, 2022)","criteria provided, single submitter",VCV001967066,1.0,120458290,1.0,119915667,1967066,2028363,,NC_000001.11:119915666:G:A,,1:119915667:G>A
NM_024408.4(NOTCH2):c.7046C>T (p.Pro2349Leu),NOTCH2,P2349L,not specified,"Uncertain significance(Last reviewed: Aug 30, 2023)","criteria provided, single submitter",VCV002581458,1.0,120458299,1.0,119915676,2581458,2749038,,NC_000001.11:119915675:G:A,,1:119915676:G>A
NM_024408.4(NOTCH2):c.7038C>G (p.Ala2346=),NOTCH2,,Hajdu-Cheney syndrome,"Likely benign(Last reviewed: Jul 25, 2022)","criteria provided, single submitter",VCV001561094,1.0,120458307,1.0,119915684,1561094,1641501,,NC_000001.11:119915683:G:C,,1:119915684:G>C
NM_024408.4(NOTCH2):c.7030G>T (p.Glu2344Ter),NOTCH2,E2344*,Hajdu-Cheney syndrome,"Uncertain significance(Last reviewed: Sep 13, 2022)","criteria provided, single submitter",VCV001992457,1.0,120458315,1.0,119915692,1992457,2058979,,NC_000001.11:119915691:C:A,,1:119915692:C>A
NM_024408.4(NOTCH2):c.7002C>T (p.Gly2334=),NOTCH2,,Hajdu-Cheney syndrome,"Likely benign(Last reviewed: May 27, 2021)","criteria provided, single submitter",VCV001561865,1.0,120458343,1.0,119915720,1561865,1608404,,NC_000001.11:119915719:G:A,,1:119915720:G>A
NM_024408.4(NOTCH2):c.6945T>C (p.Ile2315=),NOTCH2,,Hajdu-Cheney syndrome,"Likely benign(Last reviewed: Feb 5, 2022)","criteria provided, single submitter",VCV001587176,1.0,120458400,1.0,119915777,1587176,1541692,,NC_000001.11:119915776:A:G,,1:119915777:A>G
NM_024408.4(NOTCH2):c.6912dup (p.Val2305fs),NOTCH2,V2305fs,Hajdu-Cheney syndrome,"Uncertain significance(Last reviewed: Sep 13, 2022)","criteria provided, single submitter",VCV001381496,1.0,120458432 - 120458433,1.0,119915809 - 119915810,1381496,1496459,,NC_000001.11:119915809:AA:AAA,,1:119915810:AA>AAA
NM_024408.4(NOTCH2):c.6910A>C (p.Ile2304Leu),NOTCH2,I2304L,Hajdu-Cheney syndrome,"Uncertain significance(Last reviewed: Sep 15, 2021)","criteria provided, single submitter",VCV001519462,1.0,120458435,1.0,119915812,1519462,1433956,,NC_000001.11:119915811:T:G,,1:119915812:T>G
NM_024408.4(NOTCH2):c.6871G>A (p.Gly2291Arg),NOTCH2,G2291R,Hajdu-Cheney syndrome,"Uncertain significance(Last reviewed: Jun 28, 2022)","criteria provided, single submitter",VCV001487737,1.0,120458474,1.0,119915851,1487737,1481770,,NC_000001.11:119915850:C:T,,1:119915851:C>T
NM_024408.4(NOTCH2):c.6832dup (p.Thr2278fs),NOTCH2,T2278fs,Hajdu-Cheney syndrome,"Pathogenic(Last reviewed: May 4, 2022)","criteria provided, single submitter",VCV001685986,1.0,120458512 - 120458513,1.0,119915889 - 119915890,1685986,1677998,,NC_000001.11:119915889:T:TT,,1:119915890:T>TT
NM_024408.4(NOTCH2):c.6825T>G (p.Ala2275=),NOTCH2,,Hajdu-Cheney syndrome,"Likely benign(Last reviewed: Aug 6, 2022)","criteria provided, single submitter",VCV001659566,1.0,120458520,1.0,119915897,1659566,1543295,,NC_000001.11:119915896:A:C,,1:119915897:A>C
NM_024408.4(NOTCH2):c.6802T>A (p.Phe2268Ile),NOTCH2,F2268I,Hajdu-Cheney syndrome,"Uncertain significance(Last reviewed: Aug 16, 2021)","criteria provided, single submitter",VCV001473714,1.0,120458543,1.0,119915920,1473714,1387710,,NC_000001.11:119915919:A:T,,1:119915920:A>T
NM_024408.4(NOTCH2):c.6751G>A (p.Ala2251Thr),NOTCH2,A2251T,Hajdu-Cheney syndrome,"Uncertain significance(Last reviewed: Jan 17, 2022)","criteria provided, single submitter",VCV002087413,1.0,120458594,1.0,119915971,2087413,2137474,,NC_000001.11:119915970:C:T,,1:119915971:C>T
NM_024408.4(NOTCH2):c.6729G>A (p.Arg2243=),NOTCH2,,Hajdu-Cheney syndrome,"Likely benign(Last reviewed: Jun 20, 2022)","criteria provided, single submitter",VCV001563857,1.0,120458616,1.0,119915993,1563857,1588878,,NC_000001.11:119915992:C:T,,1:119915993:C>T
NM_024408.4(NOTCH2):c.6710G>C (p.Ser2237Thr),NOTCH2,S2237T,Hajdu-Cheney syndrome,"Uncertain significance(Last reviewed: Dec 23, 2021)","criteria provided, single submitter",VCV001951980,1.0,120458635,1.0,119916012,1951980,2010834,,NC_000001.11:119916011:C:G,,1:119916012:C>G
NM_024408.4(NOTCH2):c.6699A>G (p.Pro2233=),NOTCH2,,Hajdu-Cheney syndrome,"Likely benign(Last reviewed: Jun 13, 2022)","criteria provided, single submitter",VCV002040214,1.0,120458646,1.0,119916023,2040214,2101985,,NC_000001.11:119916022:T:C,,1:119916023:T>C
NM_024408.4(NOTCH2):c.6690T>G (p.Ile2230Met),NOTCH2,I2230M,Hajdu-Cheney syndrome,"Uncertain significance(Last reviewed: Oct 17, 2022)","criteria provided, single submitter",VCV002090333,1.0,120458655,1.0,119916032,2090333,2152116,,NC_000001.11:119916031:A:C,,1:119916032:A>C
NM_024408.4(NOTCH2):c.6678C>T (p.Ser2226=),NOTCH2,,Hajdu-Cheney syndrome,"Likely benign(Last reviewed: Feb 17, 2022)","criteria provided, single submitter",VCV001980280,1.0,120458667,1.0,119916044,1980280,2042052,,NC_000001.11:119916043:G:A,,1:119916044:G>A
NM_024408.4(NOTCH2):c.6671T>C (p.Leu2224Ser),NOTCH2,L2224S,Hajdu-Cheney syndrome|not provided,"Uncertain significance(Last reviewed: Dec 1, 2022)","criteria provided, multiple submitters, no conflicts",VCV002190952,1.0,120458674,1.0,119916051,2190952,1911996,,NC_000001.11:119916050:A:G,,1:119916051:A>G
NM_024408.4(NOTCH2):c.6667C>T (p.Gln2223Ter),NOTCH2,Q2223*,Hajdu-Cheney syndrome,"Pathogenic(Last reviewed: May 21, 2020)","criteria provided, single submitter",VCV001805545,1.0,120458678,1.0,119916055,1805545,1862556,,NC_000001.11:119916054:G:A,,1:119916055:G>A
NM_024408.4(NOTCH2):c.6640G>A (p.Ala2214Thr),NOTCH2,A2214T,Hajdu-Cheney syndrome,"Uncertain significance(Last reviewed: Aug 16, 2022)","criteria provided, single submitter",VCV002048111,1.0,120458705,1.0,119916082,2048111,2107297,,NC_000001.11:119916081:C:T,,1:119916082:C>T
NM_024408.4(NOTCH2):c.6640G>T (p.Ala2214Ser),NOTCH2,A2214S,Hajdu-Cheney syndrome,"Uncertain significance(Last reviewed: Aug 17, 2022)","criteria provided, single submitter",VCV001716585,1.0,120458705,1.0,119916082,1716585,1778266,,NC_000001.11:119916081:C:A,,1:119916082:C>A
NM_024408.4(NOTCH2):c.6618A>C (p.Glu2206Asp),NOTCH2,E2206D,not provided|Alagille syndrome due to a NOTCH2 point mutation|Hajdu-Cheney syndrome,"Uncertain significance(Last reviewed: Jan 11, 2022)","criteria provided, multiple submitters, no conflicts",VCV001695778,1.0,120458727,1.0,119916104,1695778,1688187,,NC_000001.11:119916103:T:G,,1:119916104:T>G
NM_024408.4(NOTCH2):c.6607A>C (p.Asn2203His),NOTCH2,N2203H,Hajdu-Cheney syndrome,"Uncertain significance(Last reviewed: Aug 28, 2021)","criteria provided, single submitter",VCV001426609,1.0,120458738,1.0,119916115,1426609,1366282,,NC_000001.11:119916114:T:G,,1:119916115:T>G
NM_024408.4(NOTCH2):c.6597A>G (p.Leu2199=),NOTCH2,,Hajdu-Cheney syndrome,"Likely benign(Last reviewed: Sep 13, 2022)","criteria provided, single submitter",VCV001916177,1.0,120458748,1.0,119916125,1916177,1967759,,NC_000001.11:119916124:T:C,,1:119916125:T>C
NM_024408.4(NOTCH2):c.6586C>T (p.Gln2196Ter),NOTCH2,Q2196*,Alagille syndrome due to a NOTCH2 point mutation|Hajdu-Cheney syndrome,"Likely pathogenic(Last reviewed: Jul 14, 2021)","criteria provided, single submitter",VCV001329467,1.0,120458759,1.0,119916136,1329467,1320153,,NC_000001.11:119916135:G:A,,1:119916136:G>A
NM_024408.4(NOTCH2):c.6564C>G (p.Ala2188=),NOTCH2,,Hajdu-Cheney syndrome,"Likely benign(Last reviewed: Oct 24, 2022)","criteria provided, single submitter",VCV001579329,1.0,120458781,1.0,119916158,1579329,1565319,,NC_000001.11:119916157:G:C,,1:119916158:G>C
NM_024408.4(NOTCH2):c.6543C>T (p.Asn2181=),NOTCH2,,Hajdu-Cheney syndrome,"Likely benign(Last reviewed: Nov 26, 2019)","criteria provided, single submitter",VCV001140767,1.0,120458802,1.0,119916179,1140767,1109430,,NC_000001.11:119916178:G:A,,1:119916179:G>A
NM_024408.4(NOTCH2):c.6521G>C (p.Gly2174Ala),NOTCH2,G2174A,Hajdu-Cheney syndrome,"Uncertain significance(Last reviewed: Jul 6, 2022)","criteria provided, single submitter",VCV002014305,1.0,120458824,1.0,119916201,2014305,2064518,,NC_000001.11:119916200:C:G,,1:119916201:C>G
NM_024408.4(NOTCH2):c.6498C>T (p.Ser2166=),NOTCH2,,not provided|Hajdu-Cheney syndrome,"Likely benign(Last reviewed: Oct 13, 2022)","criteria provided, multiple submitters, no conflicts",VCV001992537,1.0,120458847,1.0,119916224,1992537,2059059,,NC_000001.11:119916223:G:A,,1:119916224:G>A
NM_024408.4(NOTCH2):c.6474C>T (p.His2158=),NOTCH2,,Hajdu-Cheney syndrome,"Likely benign(Last reviewed: Jun 28, 2022)","criteria provided, single submitter",VCV001632744,1.0,120458871,1.0,119916248,1632744,1545139,,NC_000001.11:119916247:G:A,,1:119916248:G>A
NM_024408.4(NOTCH2):c.6474C>A (p.His2158Gln),NOTCH2,H2158Q,Hajdu-Cheney syndrome,"Uncertain significance(Last reviewed: Sep 24, 2021)","criteria provided, single submitter",VCV001515983,1.0,120458871,1.0,119916248,1515983,1407261,,NC_000001.11:119916247:G:T,,1:119916248:G>T
NM_024408.4(NOTCH2):c.6423G>C (p.Leu2141=),NOTCH2,,Hajdu-Cheney syndrome,"Likely benign(Last reviewed: Jul 16, 2022)","criteria provided, single submitter",VCV001588619,1.0,120458922,1.0,119916299,1588619,1640946,,NC_000001.11:119916298:C:G,,1:119916299:C>G
NM_024408.4(NOTCH2):c.6404T>C (p.Leu2135Pro),NOTCH2,L2135P,Hajdu-Cheney syndrome,"Uncertain significance(Last reviewed: Oct 25, 2021)","criteria provided, single submitter",VCV001484826,1.0,120458941,1.0,119916318,1484826,1478364,,NC_000001.11:119916317:A:G,,1:119916318:A>G
NM_024408.4(NOTCH2):c.6393G>A (p.Arg2131=),NOTCH2,,Hajdu-Cheney syndrome,"Likely benign(Last reviewed: Jul 9, 2022)","criteria provided, single submitter",VCV002086032,1.0,120458952,1.0,119916329,2086032,2133621,,NC_000001.11:119916328:C:T,,1:119916329:C>T
NM_024408.4(NOTCH2):c.6388A>C (p.Arg2130=),NOTCH2,,Hajdu-Cheney syndrome,"Likely benign(Last reviewed: Oct 4, 2022)","criteria provided, single submitter",VCV001906724,1.0,120458957,1.0,119916334,1906724,1958326,,NC_000001.11:119916333:T:G,,1:119916334:T>G
NM_024408.4(NOTCH2):c.6282G>A (p.Leu2094=),NOTCH2,,Hajdu-Cheney syndrome,"Likely benign(Last reviewed: Jun 21, 2019)","criteria provided, single submitter",VCV001152901,1.0,120459063,1.0,119916440,1152901,1130313,,NC_000001.11:119916439:C:T,,1:119916440:C>T
NM_024408.4(NOTCH2):c.6279C>T (p.Ser2093=),NOTCH2,,Hajdu-Cheney syndrome,"Likely benign(Last reviewed: Sep 19, 2022)","criteria provided, single submitter",VCV001644534,1.0,120459066,1.0,119916443,1644534,1522581,,NC_000001.11:119916442:G:A,,1:119916443:G>A
NM_024408.4(NOTCH2):c.6274del (p.Leu2092fs),NOTCH2,L2092fs,Hajdu-Cheney syndrome,"Uncertain significance(Last reviewed: Sep 13, 2022)","criteria provided, single submitter",VCV001993068,1.0,120459071,1.0,119916448,1993068,2052721,,NC_000001.11:119916447:GG:G,,1:119916448:GG>G
NM_024408.4(NOTCH2):c.6269C>G (p.Ser2090Cys),NOTCH2,S2090C,Hajdu-Cheney syndrome,"Uncertain significance(Last reviewed: Aug 12, 2022)","criteria provided, single submitter",VCV001716167,1.0,120459076,1.0,119916453,1716167,1771464,,NC_000001.11:119916452:G:C,,1:119916453:G>C
NM_024408.4(NOTCH2):c.6234T>C (p.Ser2078=),NOTCH2,,Hajdu-Cheney syndrome,"Likely benign(Last reviewed: Aug 27, 2022)","criteria provided, single submitter",VCV002154044,1.0,120459111,1.0,119916488,2154044,1892820,,NC_000001.11:119916487:A:G,,1:119916488:A>G
NM_024408.4(NOTCH2):c.6193_6194dup (p.Asn2066fs),NOTCH2,N2066fs,Hajdu-Cheney syndrome,"Likely pathogenic(Last reviewed: May 22, 2022)","criteria provided, single submitter",VCV001687588,1.0,120459150 - 120459151,1.0,119916527 - 119916528,1687588,1679880,,NC_000001.11:119916527:TAT:TATAT,,1:119916528:TAT>TATAT
NM_024408.4(NOTCH2):c.6171C>T (p.Asp2057=),NOTCH2,,Hajdu-Cheney syndrome,"Likely benign(Last reviewed: Jun 30, 2022)","criteria provided, single submitter",VCV001988364,1.0,120459174,1.0,119916551,1988364,2047512,,NC_000001.11:119916550:G:A,,1:119916551:G>A
NM_024408.4(NOTCH2):c.6166C>T (p.His2056Tyr),NOTCH2,H2056Y,Hajdu-Cheney syndrome,"Uncertain significance(Last reviewed: Oct 19, 2022)","criteria provided, single submitter",VCV002141947,1.0,120459179,1.0,119916556,2141947,1869482,,NC_000001.11:119916555:G:A,,1:119916556:G>A
NM_024408.4(NOTCH2):c.6158G>A (p.Arg2053His),NOTCH2,R2053H,Hajdu-Cheney syndrome,"Uncertain significance(Last reviewed: Feb 19, 2022)","criteria provided, single submitter",VCV001928117,1.0,120459187,1.0,119916564,1928117,1980967,,NC_000001.11:119916563:C:T,,1:119916564:C>T
NM_024408.4(NOTCH2):c.6141G>A (p.Arg2047=),NOTCH2,,Hajdu-Cheney syndrome,"Likely benign(Last reviewed: Jun 5, 2022)","criteria provided, single submitter",VCV001638037,1.0,120459204,1.0,119916581,1638037,1559941,,NC_000001.11:119916580:C:T,,1:119916581:C>T
NM_024408.4(NOTCH2):c.6123T>C (p.His2041=),NOTCH2,,Hajdu-Cheney syndrome,"Likely benign(Last reviewed: Oct 25, 2022)","criteria provided, single submitter",VCV001964350,1.0,120459222,1.0,119916599,1964350,2021037,,NC_000001.11:119916598:A:G,,1:119916599:A>G
NM_024408.4(NOTCH2):c.6088T>C (p.Leu2030=),NOTCH2,,Hajdu-Cheney syndrome,"Likely benign(Last reviewed: Jul 22, 2022)","criteria provided, single submitter",VCV002018713,1.0,120459257,1.0,119916634,2018713,2068949,,NC_000001.11:119916633:A:G,,1:119916634:A>G
NM_024408.4(NOTCH2):c.6087G>C (p.Leu2029=),NOTCH2,,Hajdu-Cheney syndrome,"Likely benign(Last reviewed: Apr 12, 2022)","criteria provided, single submitter",VCV001593836,1.0,120459258,1.0,119916635,1593836,1655255,,NC_000001.11:119916634:C:G,,1:119916635:C>G
NM_024408.4(NOTCH2):c.6084C>A (p.Ile2028=),NOTCH2,,Hajdu-Cheney syndrome,"Likely benign(Last reviewed: Aug 16, 2022)","criteria provided, single submitter",VCV002182608,1.0,120459261,1.0,119916638,2182608,1920414,,NC_000001.11:119916637:G:T,,1:119916638:G>T
NM_024408.4(NOTCH2):c.6045T>C (p.Phe2015=),NOTCH2,,Hajdu-Cheney syndrome,"Benign(Last reviewed: Sep 8, 2022)","criteria provided, single submitter",VCV001167385,1.0,120459300,1.0,119916677,1167385,1153216,,NC_000001.11:119916676:A:G,,1:119916677:A>G
NM_024408.4(NOTCH2):c.6028-13G>T,NOTCH2,,Hajdu-Cheney syndrome,"Likely benign(Last reviewed: Oct 5, 2022)","criteria provided, single submitter",VCV001570234,1.0,120459330,1.0,119916707,1570234,1623550,,NC_000001.11:119916706:C:A,,1:119916707:C>A
NM_024408.4(NOTCH2):c.6027+14G>T,NOTCH2,,Hajdu-Cheney syndrome,"Likely benign(Last reviewed: Aug 8, 2022)","criteria provided, single submitter",VCV001614265,1.0,120460274,1.0,119917651,1614265,1612852,,NC_000001.11:119917650:C:A,,1:119917651:C>A
NM_024408.4(NOTCH2):c.6024C>G (p.Asn2008Lys),NOTCH2,N2008K,Hajdu-Cheney syndrome,"Uncertain significance(Last reviewed: Jul 30, 2022)","criteria provided, single submitter",VCV002088549,1.0,120460291,1.0,119917668,2088549,2151623,,NC_000001.11:119917667:G:C,,1:119917668:G>C
NM_024408.4(NOTCH2):c.5987T>G (p.Leu1996Trp),NOTCH2,L1996W,Hajdu-Cheney syndrome,"Uncertain significance(Last reviewed: Oct 14, 2022)","criteria provided, single submitter",VCV002000407,1.0,120460328,1.0,119917705,2000407,2051041,,NC_000001.11:119917704:A:C,,1:119917705:A>C
NM_024408.4(NOTCH2):c.5951C>A (p.Ala1984Glu),NOTCH2,A1984E,not provided|Hajdu-Cheney syndrome,"Uncertain significance(Last reviewed: Jan 31, 2023)","criteria provided, multiple submitters, no conflicts",VCV002009281,1.0,120460364,1.0,119917741,2009281,2073645,,NC_000001.11:119917740:G:T,,1:119917741:G>T
NM_024408.4(NOTCH2):c.5946C>T (p.His1982=),NOTCH2,,Hajdu-Cheney syndrome,"Likely benign(Last reviewed: Dec 22, 2021)","criteria provided, single submitter",VCV002198178,1.0,120460369,1.0,119917746,2198178,1933406,,NC_000001.11:119917745:G:A,,1:119917746:G>A
NM_024408.4(NOTCH2):c.5929+12A>G,NOTCH2,,Hajdu-Cheney syndrome,"Likely benign(Last reviewed: Feb 24, 2022)","criteria provided, single submitter",VCV001630518,1.0,120461017,1.0,119918394,1630518,1649723,,NC_000001.11:119918393:T:C,,1:119918394:T>C
NM_024408.4(NOTCH2):c.5904G>T (p.Ala1968=),NOTCH2,,Hajdu-Cheney syndrome,"Likely benign(Last reviewed: Oct 12, 2021)","criteria provided, single submitter",VCV001626777,1.0,120461054,1.0,119918431,1626777,1636470,,NC_000001.11:119918430:C:A,,1:119918431:C>A
NM_024408.4(NOTCH2):c.5904G>A (p.Ala1968=),NOTCH2,,Hajdu-Cheney syndrome,"Likely benign(Last reviewed: Oct 17, 2022)","criteria provided, single submitter",VCV001512237,1.0,120461054,1.0,119918431,1512237,1455870,,NC_000001.11:119918430:C:T,,1:119918431:C>T
NM_024408.4(NOTCH2):c.5864C>T (p.Ala1955Val),NOTCH2,A1955V,Hajdu-Cheney syndrome,"Uncertain significance(Last reviewed: Sep 1, 2022)","criteria provided, single submitter",VCV002040638,1.0,120461094,1.0,119918471,2040638,2098531,,NC_000001.11:119918470:G:A,,1:119918471:G>A
NM_024408.4(NOTCH2):c.5799A>G (p.Arg1933=),NOTCH2,,Hajdu-Cheney syndrome,"Uncertain significance(Last reviewed: Aug 26, 2021)","criteria provided, single submitter",VCV001431762,1.0,120461159,1.0,119918536,1431762,1405833,,NC_000001.11:119918535:T:C,,1:119918536:T>C
NM_024408.4(NOTCH2):c.5782-5T>C,NOTCH2,,Hajdu-Cheney syndrome,"Likely benign(Last reviewed: Feb 16, 2022)","criteria provided, single submitter",VCV002097100,1.0,120461181,1.0,119918558,2097100,2153709,,NC_000001.11:119918557:A:G,,1:119918558:A>G
NM_024408.4(NOTCH2):c.5781+19G>A,NOTCH2,,Hajdu-Cheney syndrome,"Likely benign(Last reviewed: Feb 5, 2022)","criteria provided, single submitter",VCV002176778,1.0,120461916,1.0,119919293,2176778,1901625,,NC_000001.11:119919292:C:T,,1:119919293:C>T
NM_024408.4(NOTCH2):c.5781+14G>A,NOTCH2,,Hajdu-Cheney syndrome,"Likely benign(Last reviewed: May 18, 2022)","criteria provided, single submitter",VCV001993435,1.0,120461921,1.0,119919298,1993435,2049222,,NC_000001.11:119919297:C:T,,1:119919298:C>T
NM_024408.4(NOTCH2):c.5781+10A>G,NOTCH2,,Hajdu-Cheney syndrome,"Likely benign(Last reviewed: Apr 25, 2022)","criteria provided, single submitter",VCV001989247,1.0,120461925,1.0,119919302,1989247,2040591,,NC_000001.11:119919301:T:C,,1:119919302:T>C
NM_024408.4(NOTCH2):c.5775C>T (p.Val1925=),NOTCH2,,Hajdu-Cheney syndrome,"Likely benign(Last reviewed: Apr 20, 2020)","criteria provided, single submitter",VCV001126250,1.0,120461941,1.0,119919318,1126250,1109431,,NC_000001.11:119919317:G:A,,1:119919318:G>A
NM_024408.4(NOTCH2):c.5622C>T (p.Asp1874=),NOTCH2,,Hajdu-Cheney syndrome,"Likely benign(Last reviewed: Oct 13, 2022)","criteria provided, single submitter",VCV001540501,1.0,120462094,1.0,119919471,1540501,1545118,,NC_000001.11:119919470:G:A,,1:119919471:G>A
NM_024408.4(NOTCH2):c.5592C>T (p.Tyr1864=),NOTCH2,,Hajdu-Cheney syndrome,"Likely benign(Last reviewed: Oct 8, 2021)","criteria provided, single submitter",VCV001608956,1.0,120462124,1.0,119919501,1608956,1573826,,NC_000001.11:119919500:G:A,,1:119919501:G>A
NM_024408.4(NOTCH2):c.5496G>T (p.Leu1832Phe),NOTCH2,L1832F,Hajdu-Cheney syndrome,"Uncertain significance(Last reviewed: Jul 7, 2022)","criteria provided, single submitter",VCV001709642,1.0,120462220,1.0,119919597,1709642,1707996,,NC_000001.11:119919596:C:A,,1:119919597:C>A
NM_024408.4(NOTCH2):c.5480-6C>T,NOTCH2,,Hajdu-Cheney syndrome,"Likely benign(Last reviewed: Oct 22, 2022)","criteria provided, single submitter",VCV002081738,1.0,120462242,1.0,119919619,2081738,2139673,,NC_000001.11:119919618:G:A,,1:119919619:G>A
NM_024408.4(NOTCH2):c.5480-13dup,NOTCH2,,Hajdu-Cheney syndrome,"Benign(Last reviewed: Oct 13, 2022)","criteria provided, single submitter",VCV001600057,1.0,120462248 - 120462249,1.0,119919625 - 119919626,1600057,1662228,,NC_000001.11:119919625:AAAA:AAAAA,,1:119919626:AAAA>AAAAA
NM_024408.4(NOTCH2):c.5479+10G>T,NOTCH2,,Hajdu-Cheney syndrome,"Likely benign(Last reviewed: Oct 13, 2022)","criteria provided, single submitter",VCV001954472,1.0,120462842,1.0,119920219,1954472,2018487,,NC_000001.11:119920218:C:A,,1:119920219:C>A
NM_024408.4(NOTCH2):c.5479+9C>T,NOTCH2,,Hajdu-Cheney syndrome,"Likely benign(Last reviewed: Dec 3, 2021)","criteria provided, single submitter",VCV001619390,1.0,120462843,1.0,119920220,1619390,1614938,,NC_000001.11:119920219:G:A,,1:119920220:G>A
NM_024408.4(NOTCH2):c.5479+8C>T,NOTCH2,,Hajdu-Cheney syndrome,"Likely benign(Last reviewed: Apr 7, 2022)","criteria provided, single submitter",VCV001985038,1.0,120462844,1.0,119920221,1985038,2046791,,NC_000001.11:119920220:G:A,,1:119920221:G>A
NM_024408.4(NOTCH2):c.5454G>A (p.Val1818=),NOTCH2,,Hajdu-Cheney syndrome,"Likely benign(Last reviewed: Oct 4, 2022)","criteria provided, single submitter",VCV002021840,1.0,120462877,1.0,119920254,2021840,2083601,,NC_000001.11:119920253:C:T,,1:119920254:C>T
NM_024408.4(NOTCH2):c.5384A>C (p.Glu1795Ala),NOTCH2,E1795A,Hajdu-Cheney syndrome,"Uncertain significance(Last reviewed: Jun 28, 2022)","criteria provided, single submitter",VCV001395289,1.0,120462947,1.0,119920324,1395289,1412302,,NC_000001.11:119920323:T:G,,1:119920324:T>G
NM_024408.4(NOTCH2):c.5311-5T>G,NOTCH2,,Hajdu-Cheney syndrome,"Likely benign(Last reviewed: Sep 1, 2022)","criteria provided, single submitter",VCV002085481,1.0,120463025,1.0,119920402,2085481,2136840,,NC_000001.11:119920401:A:C,,1:119920402:A>C
NM_024408.4(NOTCH2):c.5311-7C>G,NOTCH2,,Hajdu-Cheney syndrome,"Likely benign(Last reviewed: Apr 8, 2022)","criteria provided, single submitter",VCV002420094,1.0,120463027,1.0,119920404,2420094,1944728,,NC_000001.11:119920403:G:C,,1:119920404:G>C
NM_024408.4(NOTCH2):c.5311-20G>C,NOTCH2,,Hajdu-Cheney syndrome,"Likely benign(Last reviewed: Sep 17, 2022)","criteria provided, single submitter",VCV002030958,1.0,120463040,1.0,119920417,2030958,2082461,,NC_000001.11:119920416:C:G,,1:119920417:C>G
NM_024408.4(NOTCH2):c.5310+17A>G,NOTCH2,,Hajdu-Cheney syndrome,"Likely benign(Last reviewed: May 12, 2022)","criteria provided, single submitter",VCV001957163,1.0,120464319,1.0,119921696,1957163,2012134,,NC_000001.11:119921695:T:C,,1:119921696:T>C
NM_024408.4(NOTCH2):c.5310+13T>C,NOTCH2,,Hajdu-Cheney syndrome,"Likely benign(Last reviewed: Jun 28, 2021)","criteria provided, single submitter",VCV001626968,1.0,120464323,1.0,119921700,1626968,1636661,,NC_000001.11:119921699:A:G,,1:119921700:A>G
NM_024408.4(NOTCH2):c.5217T>C (p.Asn1739=),NOTCH2,,Hajdu-Cheney syndrome|Alagille syndrome due to a NOTCH2 point mutation|Hajdu-Cheney syndrome,"Benign/Likely benign(Last reviewed: Oct 27, 2022)","criteria provided, multiple submitters, no conflicts",VCV001590104,1.0,120464429,1.0,119921806,1590104,1576649,,NC_000001.11:119921805:A:G,,1:119921806:A>G
NM_024408.4(NOTCH2):c.5214-12T>C,NOTCH2,,Alagille syndrome due to a NOTCH2 point mutation|Hajdu-Cheney syndrome|Hajdu-Cheney syndrome,"Likely benign(Last reviewed: Oct 28, 2022)","criteria provided, multiple submitters, no conflicts",VCV001588243,1.0,120464444,1.0,119921821,1588243,1574786,,NC_000001.11:119921820:A:G,,1:119921821:A>G
NM_024408.4(NOTCH2):c.5213+16A>G,NOTCH2,,Hajdu-Cheney syndrome,"Likely benign(Last reviewed: Jan 5, 2021)","criteria provided, single submitter",VCV001669256,1.0,120464843,1.0,119922220,1669256,1665511,,NC_000001.11:119922219:T:C,,1:119922220:T>C
NM_024408.4(NOTCH2):c.5180G>T (p.Arg1727Leu),NOTCH2,R1727L,Hajdu-Cheney syndrome,"Uncertain significance(Last reviewed: Jun 14, 2022)","criteria provided, single submitter",VCV002189326,1.0,120464892,1.0,119922269,2189326,1911669,,NC_000001.11:119922268:C:A,,1:119922269:C>A
NM_024408.4(NOTCH2):c.5170C>A (p.His1724Asn),NOTCH2,H1724N,Hajdu-Cheney syndrome,"Uncertain significance(Last reviewed: Sep 17, 2022)","criteria provided, single submitter",VCV001719698,1.0,120464902,1.0,119922279,1719698,1772354,,NC_000001.11:119922278:G:T,,1:119922279:G>T
NM_024408.4(NOTCH2):c.5152C>G (p.Arg1718Gly),NOTCH2,R1718G,Hajdu-Cheney syndrome,"Uncertain significance(Last reviewed: May 25, 2022)","criteria provided, single submitter",VCV001998436,1.0,120464920,1.0,119922297,1998436,2054217,,NC_000001.11:119922296:G:C,,1:119922297:G>C
NM_024408.4(NOTCH2):c.5148T>C (p.Thr1716=),NOTCH2,,Hajdu-Cheney syndrome,"Likely benign(Last reviewed: Mar 6, 2022)","criteria provided, single submitter",VCV002082140,1.0,120464924,1.0,119922301,2082140,2136094,,NC_000001.11:119922300:A:G,,1:119922301:A>G
NM_024408.4(NOTCH2):c.5082G>A (p.Leu1694=),NOTCH2,,Hajdu-Cheney syndrome,"Likely benign(Last reviewed: Dec 20, 2021)","criteria provided, single submitter",VCV002076636,1.0,120464990,1.0,119922367,2076636,2138439,,NC_000001.11:119922366:C:T,,1:119922367:C>T
NM_024408.4(NOTCH2):c.5064C>A (p.Ile1688=),NOTCH2,,Hajdu-Cheney syndrome,"Likely benign(Last reviewed: Aug 22, 2022)","criteria provided, single submitter",VCV002167826,1.0,120465008,1.0,119922385,2167826,1903069,,NC_000001.11:119922384:G:T,,1:119922385:G>T
NM_024408.4(NOTCH2):c.5037C>G (p.Leu1679=),NOTCH2,,Hajdu-Cheney syndrome,"Likely benign(Last reviewed: Aug 6, 2022)","criteria provided, single submitter",VCV002075872,1.0,120465035,1.0,119922412,2075872,2141545,,NC_000001.11:119922411:G:C,,1:119922412:G>C
NM_024408.4(NOTCH2):c.5023C>T (p.Arg1675Cys),NOTCH2,R1675C,Hajdu-Cheney syndrome,"Uncertain significance(Last reviewed: Jun 24, 2022)","criteria provided, single submitter",VCV002067558,1.0,120465049,1.0,119922426,2067558,2118951,,NC_000001.11:119922425:G:A,,1:119922426:G>A
NM_024408.4(NOTCH2):c.5008T>C (p.Ser1670Pro),NOTCH2,S1670P,Hajdu-Cheney syndrome,"Uncertain significance(Last reviewed: Feb 14, 2022)","criteria provided, single submitter",VCV002097702,1.0,120465064,1.0,119922441,2097702,2150322,,NC_000001.11:119922440:A:G,,1:119922441:A>G
NM_024408.4(NOTCH2):c.5003-11_5003-10del,NOTCH2,,Hajdu-Cheney syndrome,"Likely benign(Last reviewed: Jul 5, 2022)","criteria provided, single submitter",VCV001564351,1.0,120465079 - 120465080,1.0,119922456 - 119922457,1564351,1654720,,NC_000001.11:119922455:CACA:CA,,1:119922456:CACA>CA
NM_024408.4(NOTCH2):c.5003-16C>A,NOTCH2,,Hajdu-Cheney syndrome,"Likely benign(Last reviewed: Jul 22, 2021)","criteria provided, single submitter",VCV001529308,1.0,120465085,1.0,119922462,1529308,1604023,,NC_000001.11:119922461:G:T,,1:119922462:G>T
NM_024408.4(NOTCH2):c.4998C>T (p.Val1666=),NOTCH2,,Alagille syndrome due to a NOTCH2 point mutation|Hajdu-Cheney syndrome|Hajdu-Cheney syndrome,"Likely benign(Last reviewed: Nov 3, 2021)","criteria provided, multiple submitters, no conflicts",VCV001596662,1.0,120465263,1.0,119922640,1596662,1633745,,NC_000001.11:119922639:G:A,,1:119922640:G>A
NM_024408.4(NOTCH2):c.4970G>A (p.Gly1657Glu),NOTCH2,G1657E,Hajdu-Cheney syndrome,"Uncertain significance(Last reviewed: Jun 22, 2022)","criteria provided, single submitter",VCV002009444,1.0,120465291,1.0,119922668,2009444,2073808,,NC_000001.11:119922667:C:T,,1:119922668:C>T
NM_024408.4(NOTCH2):c.4947C>T (p.Leu1649=),NOTCH2,,Hajdu-Cheney syndrome,"Likely benign(Last reviewed: Oct 18, 2022)","criteria provided, single submitter",VCV001898548,1.0,120465314,1.0,119922691,1898548,1953185,,NC_000001.11:119922690:G:A,,1:119922691:G>A
NM_024408.4(NOTCH2):c.4939G>T (p.Ala1647Ser),NOTCH2,A1647S,Hajdu-Cheney syndrome,"Uncertain significance(Last reviewed: Oct 27, 2021)","criteria provided, single submitter",VCV001509493,1.0,120465322,1.0,119922699,1509493,1365114,,NC_000001.11:119922698:C:A,,1:119922699:C>A
NM_024408.4(NOTCH2):c.4888C>T (p.Arg1630Cys),NOTCH2,R1630C,Hajdu-Cheney syndrome,"Uncertain significance(Last reviewed: Jul 19, 2022)","criteria provided, single submitter",VCV001399202,1.0,120465373,1.0,119922750,1399202,1450497,,NC_000001.11:119922749:G:A,,1:119922750:G>A
NM_024408.4(NOTCH2):c.4860-8T>A,NOTCH2,,Hajdu-Cheney syndrome,"Likely benign(Last reviewed: Jul 28, 2022)","criteria provided, single submitter",VCV002200395,1.0,120465409,1.0,119922786,2200395,1930830,,NC_000001.11:119922785:A:T,,1:119922786:A>T
NM_024408.4(NOTCH2):c.4860-15C>T,NOTCH2,,Hajdu-Cheney syndrome,"Likely benign(Last reviewed: Sep 10, 2022)","criteria provided, single submitter",VCV002050271,1.0,120465416,1.0,119922793,2050271,2104274,,NC_000001.11:119922792:G:A,,1:119922793:G>A
NM_024408.4(NOTCH2):c.4846C>G (p.Gln1616Glu),NOTCH2,Q1616E,Hajdu-Cheney syndrome,"Uncertain significance(Last reviewed: May 13, 2022)","criteria provided, single submitter",VCV002188379,1.0,120466273,1.0,119923650,2188379,1918423,,NC_000001.11:119923649:G:C,,1:119923650:G>C
NM_024408.4(NOTCH2):c.4842A>G (p.Gln1614=),NOTCH2,,Hajdu-Cheney syndrome,"Benign(Last reviewed: Aug 23, 2022)","criteria provided, single submitter",VCV001591154,1.0,120466277,1.0,119923654,1591154,1608747,,NC_000001.11:119923653:T:C,,1:119923654:T>C
NM_024408.4(NOTCH2):c.4771C>T (p.Pro1591Ser),NOTCH2,P1591S,Hajdu-Cheney syndrome,"Uncertain significance(Last reviewed: Jun 6, 2022)","criteria provided, single submitter",VCV002125044,1.0,120466348,1.0,119923725,2125044,2177645,,NC_000001.11:119923724:G:A,,1:119923725:G>A
NM_024408.4(NOTCH2):c.4677C>T (p.Leu1559=),NOTCH2,,Hajdu-Cheney syndrome,"Likely benign(Last reviewed: Nov 6, 2021)","criteria provided, single submitter",VCV001608269,1.0,120466442,1.0,119923819,1608269,1539708,,NC_000001.11:119923818:G:A,,1:119923819:G>A
NM_024408.4(NOTCH2):c.4665T>C (p.Pro1555=),NOTCH2,,Alagille syndrome due to a NOTCH2 point mutation|Hajdu-Cheney syndrome|Hajdu-Cheney syndrome,"Likely benign(Last reviewed: Sep 7, 2022)","criteria provided, multiple submitters, no conflicts",VCV001663258,1.0,120466454,1.0,119923831,1663258,1609175,,NC_000001.11:119923830:A:G,,1:119923831:A>G
NM_024408.4(NOTCH2):c.4605T>C (p.Ala1535=),NOTCH2,,Hajdu-Cheney syndrome,"Likely benign(Last reviewed: Jun 27, 2022)","criteria provided, single submitter",VCV001561712,1.0,120466514,1.0,119923891,1561712,1608251,,NC_000001.11:119923890:A:G,,1:119923891:A>G
NM_024408.4(NOTCH2):c.4512-10C>G,NOTCH2,,Hajdu-Cheney syndrome,"Likely benign(Last reviewed: Dec 8, 2021)","criteria provided, single submitter",VCV002140300,1.0,120466617,1.0,119923994,2140300,1878675,,NC_000001.11:119923993:G:C,,1:119923994:G>C
NM_024408.4(NOTCH2):c.4511+13C>G,NOTCH2,,Hajdu-Cheney syndrome,"Likely benign(Last reviewed: Aug 20, 2022)","criteria provided, single submitter",VCV001962755,1.0,120467915,1.0,119925292,1962755,2010402,,NC_000001.11:119925291:G:C,,1:119925292:G>C
NM_024408.4(NOTCH2):c.4511+10T>C,NOTCH2,,Hajdu-Cheney syndrome,"Likely benign(Last reviewed: Sep 17, 2022)","criteria provided, single submitter",VCV002179962,1.0,120467918,1.0,119925295,2179962,1912548,,NC_000001.11:119925294:A:G,,1:119925295:A>G
NM_024408.4(NOTCH2):c.4511+7G>T,NOTCH2,,Hajdu-Cheney syndrome,"Likely benign(Last reviewed: Sep 20, 2022)","criteria provided, single submitter",VCV001651838,1.0,120467921,1.0,119925298,1651838,1547287,,NC_000001.11:119925297:C:A,,1:119925298:C>A
NM_024408.4(NOTCH2):c.4511+6G>A,NOTCH2,,Hajdu-Cheney syndrome,"Uncertain significance(Last reviewed: Aug 22, 2022)","criteria provided, single submitter",VCV002413577,1.0,120467922,1.0,119925299,2413577,1946917,,NC_000001.11:119925298:C:T,,1:119925299:C>T
NM_024408.4(NOTCH2):c.4494G>A (p.Gly1498=),NOTCH2,,Hajdu-Cheney syndrome,"Likely benign(Last reviewed: Feb 4, 2022)","criteria provided, single submitter",VCV002189082,1.0,120467945,1.0,119925322,2189082,1911425,,NC_000001.11:119925321:C:T,,1:119925322:C>T
NM_024408.4(NOTCH2):c.4491G>A (p.Gln1497=),NOTCH2,,Hajdu-Cheney syndrome,"Likely benign(Last reviewed: Jun 24, 2022)","criteria provided, single submitter",VCV002074215,1.0,120467948,1.0,119925325,2074215,2141177,,NC_000001.11:119925324:C:T,,1:119925325:C>T
NM_024408.4(NOTCH2):c.4478A>G (p.Asn1493Ser),NOTCH2,N1493S,Hajdu-Cheney syndrome,"Uncertain significance(Last reviewed: Oct 3, 2022)","criteria provided, single submitter",VCV002110880,1.0,120467961,1.0,119925338,2110880,2167449,,NC_000001.11:119925337:T:C,,1:119925338:T>C
NM_024408.4(NOTCH2):c.4470G>C (p.Leu1490=),NOTCH2,,Hajdu-Cheney syndrome,"Likely benign(Last reviewed: Apr 23, 2022)","criteria provided, single submitter",VCV002129238,1.0,120467969,1.0,119925346,2129238,2175487,,NC_000001.11:119925345:C:G,,1:119925346:C>G
NM_024408.4(NOTCH2):c.4461C>T (p.Val1487=),NOTCH2,,Hajdu-Cheney syndrome,"Likely benign(Last reviewed: Jul 1, 2022)","criteria provided, single submitter",VCV001131771,1.0,120467978,1.0,119925355,1131771,1109432,,NC_000001.11:119925354:G:A,,1:119925355:G>A
NM_024408.4(NOTCH2):c.4392C>T (p.Ala1464=),NOTCH2,,Hajdu-Cheney syndrome,"Uncertain significance(Last reviewed: Sep 5, 2022)","criteria provided, single submitter",VCV002029090,1.0,120468047,1.0,119925424,2029090,2081883,,NC_000001.11:119925423:G:A,,1:119925424:G>A
NM_024408.4(NOTCH2):c.4383C>A (p.Asn1461Lys),NOTCH2,N1461K,Hajdu-Cheney syndrome,"Uncertain significance(Last reviewed: Apr 29, 2022)","criteria provided, single submitter",VCV002131737,1.0,120468056,1.0,119925433,2131737,2189725,,NC_000001.11:119925432:G:T,,1:119925433:G>T
NM_024408.4(NOTCH2):c.4356_4358del (p.Gly1453del),NOTCH2,G1453del,Hajdu-Cheney syndrome,"Uncertain significance(Last reviewed: Jun 22, 2022)","criteria provided, single submitter",VCV001936341,1.0,120468081 - 120468083,1.0,119925458 - 119925460,1936341,1986172,,NC_000001.11:119925457:CCCCC:CC,,1:119925458:CCCCC>CC
NM_024408.4(NOTCH2):c.4354G>A (p.Gly1452Arg),NOTCH2,G1452R,Hajdu-Cheney syndrome,"Uncertain significance(Last reviewed: Mar 15, 2022)","criteria provided, single submitter",VCV001943525,1.0,120468085,1.0,119925462,1943525,1995066,,NC_000001.11:119925461:C:T,,1:119925462:C>T
NM_024408.4(NOTCH2):c.4341C>G (p.Ala1447=),NOTCH2,,Hajdu-Cheney syndrome,"Likely benign(Last reviewed: Sep 9, 2022)","criteria provided, single submitter",VCV002188164,1.0,120468098,1.0,119925475,2188164,1918208,,NC_000001.11:119925474:G:C,,1:119925475:G>C
NM_024408.4(NOTCH2):c.4341C>T (p.Ala1447=),NOTCH2,,Hajdu-Cheney syndrome,"Likely benign(Last reviewed: Jul 8, 2022)","criteria provided, single submitter",VCV002121627,1.0,120468098,1.0,119925475,2121627,2176821,,NC_000001.11:119925474:G:A,,1:119925475:G>A
NM_024408.4(NOTCH2):c.4316G>A (p.Cys1439Tyr),NOTCH2,C1439Y,Hajdu-Cheney syndrome,"Uncertain significance(Last reviewed: Sep 9, 2021)","criteria provided, single submitter",VCV001446894,1.0,120468123,1.0,119925500,1446894,1410387,,NC_000001.11:119925499:C:T,,1:119925500:C>T
NM_024408.4(NOTCH2):c.4276C>A (p.Leu1426Met),NOTCH2,L1426M,Hajdu-Cheney syndrome,"Uncertain significance(Last reviewed: Jul 27, 2021)","criteria provided, single submitter",VCV001397260,1.0,120468163,1.0,119925540,1397260,1437827,,NC_000001.11:119925539:G:T,,1:119925540:G>T
NM_024408.4(NOTCH2):c.4273T>C (p.Cys1425Arg),NOTCH2,C1425R,not specified,"Uncertain significance(Last reviewed: Jan 20, 2023)","criteria provided, single submitter",VCV002429285,1.0,120468166,1.0,119925543,2429285,2402718,,NC_000001.11:119925542:A:G,,1:119925543:A>G
NM_024408.4(NOTCH2):c.4252C>T (p.Pro1418Ser),NOTCH2,P1418S,Hajdu-Cheney syndrome,"Uncertain significance(Last reviewed: Sep 26, 2022)","criteria provided, single submitter",VCV001720415,1.0,120468187,1.0,119925564,1720415,1776597,,NC_000001.11:119925563:G:A,,1:119925564:G>A
NM_024408.4(NOTCH2):c.4245G>A (p.Thr1415=),NOTCH2,,Hajdu-Cheney syndrome,"Likely benign(Last reviewed: Apr 18, 2022)","criteria provided, single submitter",VCV002085493,1.0,120468194,1.0,119925571,2085493,2136852,,NC_000001.11:119925570:C:T,,1:119925571:C>T
NM_024408.4(NOTCH2):c.4243A>G (p.Thr1415Ala),NOTCH2,T1415A,Hajdu-Cheney syndrome,"Uncertain significance(Last reviewed: Sep 24, 2022)","criteria provided, single submitter",VCV002182607,1.0,120468196,1.0,119925573,2182607,1920413,,NC_000001.11:119925572:T:C,,1:119925573:T>C
NM_024408.4(NOTCH2):c.4233T>C (p.Cys1411=),NOTCH2,,Hajdu-Cheney syndrome,"Likely benign(Last reviewed: Aug 31, 2022)","criteria provided, single submitter",VCV001961639,1.0,120468206,1.0,119925583,1961639,2016608,,NC_000001.11:119925582:A:G,,1:119925583:A>G
NM_024408.4(NOTCH2):c.4202A>G (p.Gln1401Arg),NOTCH2,Q1401R,not specified,"Uncertain significance(Last reviewed: Jun 2, 2022)","criteria provided, single submitter",VCV001698674,1.0,120468237,1.0,119925614,1698674,1691050,,NC_000001.11:119925613:T:C,,1:119925614:T>C
NM_024408.4(NOTCH2):c.4197C>G (p.Ser1399=),NOTCH2,,Hajdu-Cheney syndrome,"Likely benign(Last reviewed: Feb 3, 2022)","criteria provided, single submitter",VCV001924464,1.0,120468242,1.0,119925619,1924464,1979912,,NC_000001.11:119925618:G:C,,1:119925619:G>C
NM_024408.4(NOTCH2):c.4187C>G (p.Pro1396Arg),NOTCH2,P1396R,Hajdu-Cheney syndrome,"Uncertain significance(Last reviewed: Sep 3, 2022)","criteria provided, single submitter",VCV001718796,1.0,120468252,1.0,119925629,1718796,1776300,,NC_000001.11:119925628:G:C,,1:119925629:G>C
NM_024408.4(NOTCH2):c.4155C>T (p.His1385=),NOTCH2,,not provided|Hajdu-Cheney syndrome,"Likely benign(Last reviewed: Jul 30, 2022)","criteria provided, multiple submitters, no conflicts",VCV001670708,1.0,120468284,1.0,119925661,1670708,1605015,,NC_000001.11:119925660:G:A,,1:119925661:G>A
NM_024408.4(NOTCH2):c.4145C>G (p.Pro1382Arg),NOTCH2,P1382R,Hajdu-Cheney syndrome,"Uncertain significance(Last reviewed: Nov 16, 2021)","criteria provided, single submitter",VCV001424486,1.0,120468294,1.0,119925671,1424486,1438362,,NC_000001.11:119925670:G:C,,1:119925671:G>C
NM_024408.4(NOTCH2):c.4129G>A (p.Gly1377Ser),NOTCH2,G1377S,Hajdu-Cheney syndrome,"Uncertain significance(Last reviewed: Aug 24, 2022)","criteria provided, single submitter",VCV001939988,1.0,120468310,1.0,119925687,1939988,1994127,,NC_000001.11:119925686:C:T,,1:119925687:C>T
NM_024408.4(NOTCH2):c.4113C>G (p.Pro1371=),NOTCH2,,not provided|Hajdu-Cheney syndrome,"Likely benign(Last reviewed: Oct 28, 2022)","criteria provided, multiple submitters, no conflicts",VCV001570869,1.0,120468326,1.0,119925703,1570869,1646097,,NC_000001.11:119925702:G:C,,1:119925703:G>C
NM_024408.4(NOTCH2):c.4080C>T (p.Thr1360=),NOTCH2,,Hajdu-Cheney syndrome,"Likely benign(Last reviewed: Jun 29, 2022)","criteria provided, single submitter",VCV002418999,1.0,120468359,1.0,119925736,2418999,1941563,,NC_000001.11:119925735:G:A,,1:119925736:G>A
NM_024408.4(NOTCH2):c.4065G>A (p.Glu1355=),NOTCH2,,Hajdu-Cheney syndrome,"Likely benign(Last reviewed: Sep 23, 2022)","criteria provided, single submitter",VCV001952410,1.0,120468374,1.0,119925751,1952410,2007822,,NC_000001.11:119925750:C:T,,1:119925751:C>T
NM_024408.4(NOTCH2):c.4039G>A (p.Gly1347Arg),NOTCH2,G1347R,Hajdu-Cheney syndrome,"Uncertain significance(Last reviewed: Nov 3, 2021)","criteria provided, single submitter",VCV001346789,1.0,120468400,1.0,119925777,1346789,1452902,,NC_000001.11:119925776:C:T,,1:119925777:C>T
NM_024408.4(NOTCH2):c.4025_4027delinsTCT (p.Cys1342_Gln1343delinsPheTer),NOTCH2,,Hajdu-Cheney syndrome,"Pathogenic(Last reviewed: Jun 9, 2022)","criteria provided, single submitter",VCV002015161,1.0,120468412 - 120468414,1.0,119925789 - 119925791,2015161,2071811,,NC_000001.11:119925788:GGC:AGA,,1:119925789:GGC>AGA
NM_024408.4(NOTCH2):c.4019C>T (p.Ala1340Val),NOTCH2,A1340V,Alagille syndrome due to a NOTCH2 point mutation,"Uncertain significance(Last reviewed: Feb 2, 2022)","criteria provided, single submitter",VCV001699062,1.0,120468420,1.0,119925797,1699062,1691436,,NC_000001.11:119925796:G:A,,1:119925797:G>A
NM_024408.4(NOTCH2):c.4006-4A>G,NOTCH2,,Hajdu-Cheney syndrome,"Likely benign(Last reviewed: May 29, 2021)","criteria provided, single submitter",VCV001598105,1.0,120468437,1.0,119925814,1598105,1660711,,NC_000001.11:119925813:T:C,,1:119925814:T>C
NM_024408.4(NOTCH2):c.4006-18C>T,NOTCH2,,Hajdu-Cheney syndrome,"Likely benign(Last reviewed: Jun 26, 2022)","criteria provided, single submitter",VCV002098535,1.0,120468451,1.0,119925828,2098535,2157731,,NC_000001.11:119925827:G:A,,1:119925828:G>A
NM_024408.4(NOTCH2):c.4005+14T>C,NOTCH2,,Hajdu-Cheney syndrome,"Likely benign(Last reviewed: Jan 28, 2022)","criteria provided, single submitter",VCV002090951,1.0,120469108,1.0,119926485,2090951,2144990,,NC_000001.11:119926484:A:G,,1:119926485:A>G
NM_024408.4(NOTCH2):c.4005+13T>C,NOTCH2,,Hajdu-Cheney syndrome,"Likely benign(Last reviewed: Aug 22, 2022)","criteria provided, single submitter",VCV001943259,1.0,120469109,1.0,119926486,1943259,1998247,,NC_000001.11:119926485:A:G,,1:119926486:A>G
NM_024408.4(NOTCH2):c.4005+9C>A,NOTCH2,,Hajdu-Cheney syndrome,"Likely benign(Last reviewed: Sep 2, 2022)","criteria provided, single submitter",VCV002028618,1.0,120469113,1.0,119926490,2028618,2085253,,NC_000001.11:119926489:G:T,,1:119926490:G>T
NM_024408.4(NOTCH2):c.3997T>C (p.Cys1333Arg),NOTCH2,C1333R,Hajdu-Cheney syndrome,"Uncertain significance(Last reviewed: Jun 8, 2022)","criteria provided, single submitter",VCV002003309,1.0,120469130,1.0,119926507,2003309,2055228,,NC_000001.11:119926506:A:G,,1:119926507:A>G
NM_024408.4(NOTCH2):c.3920T>C (p.Val1307Ala),NOTCH2,V1307A,Hajdu-Cheney syndrome,"Uncertain significance(Last reviewed: Aug 19, 2022)","criteria provided, single submitter",VCV001930697,1.0,120469207,1.0,119926584,1930697,1988292,,NC_000001.11:119926583:A:G,,1:119926584:A>G
NM_024408.4(NOTCH2):c.3917A>C (p.Asp1306Ala),NOTCH2,D1306A,Hajdu-Cheney syndrome,"Uncertain significance(Last reviewed: May 18, 2022)","criteria provided, single submitter",VCV001996175,1.0,120469210,1.0,119926587,1996175,2056685,,NC_000001.11:119926586:T:G,,1:119926587:T>G
NM_024408.4(NOTCH2):c.3912C>T (p.Phe1304=),NOTCH2,,Hajdu-Cheney syndrome|Alagille syndrome due to a NOTCH2 point mutation|Hajdu-Cheney syndrome,"Likely benign(Last reviewed: Dec 27, 2021)","criteria provided, multiple submitters, no conflicts",VCV001579947,1.0,120469215,1.0,119926592,1579947,1599366,,NC_000001.11:119926591:G:A,,1:119926592:G>A
NM_024408.4(NOTCH2):c.3897G>A (p.Arg1299=),NOTCH2,,Hajdu-Cheney syndrome,"Likely benign(Last reviewed: May 29, 2022)","criteria provided, single submitter",VCV002000726,1.0,120469230,1.0,119926607,2000726,2061230,,NC_000001.11:119926606:C:T,,1:119926607:C>T
NM_024408.4(NOTCH2):c.3894C>G (p.Gly1298=),NOTCH2,,Hajdu-Cheney syndrome,"Likely benign(Last reviewed: May 28, 2022)","criteria provided, single submitter",VCV001999971,1.0,120469233,1.0,119926610,1999971,2054464,,NC_000001.11:119926609:G:C,,1:119926610:G>C
NM_024408.4(NOTCH2):c.3893-19T>C,NOTCH2,,Hajdu-Cheney syndrome,"Likely benign(Last reviewed: Jun 7, 2022)","criteria provided, single submitter",VCV002048823,1.0,120469253,1.0,119926630,2048823,2114467,,NC_000001.11:119926629:A:G,,1:119926630:A>G
NM_024408.4(NOTCH2):c.3892+13C>G,NOTCH2,,Hajdu-Cheney syndrome,"Likely benign(Last reviewed: Aug 31, 2022)","criteria provided, single submitter",VCV002028030,1.0,120471586,1.0,119928963,2028030,2088505,,NC_000001.11:119928962:G:C,,1:119928963:G>C
NM_024408.4(NOTCH2):c.3798C>T (p.Asn1266=),NOTCH2,,Hajdu-Cheney syndrome,"Likely benign(Last reviewed: Nov 26, 2021)","criteria provided, single submitter",VCV001610687,1.0,120471693,1.0,119929070,1610687,1585505,,NC_000001.11:119929069:G:A,,1:119929070:G>A
NM_024408.4(NOTCH2):c.3750T>C (p.Cys1250=),NOTCH2,,Hajdu-Cheney syndrome,"Likely benign(Last reviewed: Oct 18, 2022)","criteria provided, single submitter",VCV001530528,1.0,120471741,1.0,119929118,1530528,1582312,,NC_000001.11:119929117:A:G,,1:119929118:A>G
NM_024408.4(NOTCH2):c.3723C>T (p.Cys1241=),NOTCH2,,Hajdu-Cheney syndrome,"Likely benign(Last reviewed: Oct 14, 2022)","criteria provided, single submitter",VCV001935958,1.0,120471768,1.0,119929145,1935958,1989668,,NC_000001.11:119929144:G:A,,1:119929145:G>A
NM_024408.4(NOTCH2):c.3720G>A (p.Gln1240=),NOTCH2,,Hajdu-Cheney syndrome,"Likely benign(Last reviewed: Feb 2, 2022)","criteria provided, single submitter",VCV002156867,1.0,120471771,1.0,119929148,2156867,1883143,,NC_000001.11:119929147:C:T,,1:119929148:C>T
NM_024408.4(NOTCH2):c.3684C>T (p.Asp1228=),NOTCH2,,Hajdu-Cheney syndrome,"Likely benign(Last reviewed: Oct 21, 2022)","criteria provided, single submitter",VCV002149563,1.0,120471807,1.0,119929184,2149563,1874081,,NC_000001.11:119929183:G:A,,1:119929184:G>A
NM_024408.4(NOTCH2):c.3656-16C>G,NOTCH2,,Hajdu-Cheney syndrome,"Likely benign(Last reviewed: Apr 19, 2022)","criteria provided, single submitter",VCV002416609,1.0,120471851,1.0,119929228,2416609,1947829,,NC_000001.11:119929227:G:C,,1:119929228:G>C
NM_024408.4(NOTCH2):c.3576G>A (p.Gln1192=),NOTCH2,,Hajdu-Cheney syndrome,"Likely benign(Last reviewed: Dec 25, 2021)","criteria provided, single submitter",VCV002054173,1.0,120478174,1.0,119935551,2054173,2115923,,NC_000001.11:119935550:C:T,,1:119935551:C>T
NM_024408.4(NOTCH2):c.3566A>T (p.Asp1189Val),NOTCH2,D1189V,Hajdu-Cheney syndrome,"Uncertain significance(Last reviewed: Oct 8, 2022)","criteria provided, single submitter",VCV002113351,1.0,120478184,1.0,119935561,2113351,2164639,,NC_000001.11:119935560:T:A,,1:119935561:T>A
NM_024408.4(NOTCH2):c.3561A>G (p.Glu1187=),NOTCH2,,Hajdu-Cheney syndrome,"Likely benign(Last reviewed: May 4, 2019)","criteria provided, single submitter",VCV001132541,1.0,120478189,1.0,119935566,1132541,1109433,,NC_000001.11:119935565:T:C,,1:119935566:T>C
NM_024408.4(NOTCH2):c.3527T>C (p.Val1176Ala),NOTCH2,V1176A,Hajdu-Cheney syndrome,"Uncertain significance(Last reviewed: Jul 6, 2022)","criteria provided, single submitter",VCV001358782,1.0,120478223,1.0,119935600,1358782,1360942,,NC_000001.11:119935599:A:G,,1:119935600:A>G
NM_024408.4(NOTCH2):c.3523-10C>T,NOTCH2,,Hajdu-Cheney syndrome,"Likely benign(Last reviewed: Oct 13, 2022)","criteria provided, single submitter",VCV001589567,1.0,120478237,1.0,119935614,1589567,1607589,,NC_000001.11:119935613:G:A,,1:119935614:G>A
NM_024408.4(NOTCH2):c.3523-15_3523-13del,NOTCH2,,Hajdu-Cheney syndrome|Alagille syndrome due to a NOTCH2 point mutation|Hajdu-Cheney syndrome,"Likely benign(Last reviewed: Jun 16, 2022)","criteria provided, multiple submitters, no conflicts",VCV001565970,1.0,120478240 - 120478242,1.0,119935617 - 119935619,1565970,1590559,,NC_000001.11:119935616:AACAA:AA,,1:119935617:AACAA>AA
NM_024408.4(NOTCH2):c.3523-16T>C,NOTCH2,,Hajdu-Cheney syndrome,"Benign(Last reviewed: Sep 6, 2022)","criteria provided, single submitter",VCV001971397,1.0,120478243,1.0,119935620,1971397,2022911,,NC_000001.11:119935619:A:G,,1:119935620:A>G
NM_024408.4(NOTCH2):c.3523-17T>C,NOTCH2,,Hajdu-Cheney syndrome,"Likely benign(Last reviewed: Jun 23, 2022)","criteria provided, single submitter",VCV002142251,1.0,120478244,1.0,119935621,2142251,1879329,,NC_000001.11:119935620:A:G,,1:119935621:A>G
NM_024408.4(NOTCH2):c.3508G>T (p.Gly1170Ter),NOTCH2,G1170*,Hajdu-Cheney syndrome,"Likely pathogenic(Last reviewed: Jan 4, 2021)","criteria provided, single submitter",VCV001177430,1.0,120479919,1.0,119937296,1177430,1166691,,NC_000001.11:119937295:C:A,,1:119937296:C>A
NM_024408.4(NOTCH2):c.3507T>C (p.Gly1169=),NOTCH2,,Hajdu-Cheney syndrome,"Benign(Last reviewed: Aug 11, 2022)","criteria provided, single submitter",VCV002092936,1.0,120479920,1.0,119937297,2092936,2145679,,NC_000001.11:119937296:A:G,,1:119937297:A>G
NM_024408.4(NOTCH2):c.3489A>G (p.Thr1163=),NOTCH2,,Hajdu-Cheney syndrome,"Likely benign(Last reviewed: Sep 7, 2022)","criteria provided, single submitter",VCV001928551,1.0,120479938,1.0,119937315,1928551,1991318,,NC_000001.11:119937314:T:C,,1:119937315:T>C
NM_024408.4(NOTCH2):c.3480C>T (p.His1160=),NOTCH2,,Hajdu-Cheney syndrome,"Likely benign(Last reviewed: Mar 14, 2022)","criteria provided, single submitter",VCV002051616,1.0,120479947,1.0,119937324,2051616,2108206,,NC_000001.11:119937323:G:A,,1:119937324:G>A
NM_024408.4(NOTCH2):c.3462G>A (p.Ala1154=),NOTCH2,,Hajdu-Cheney syndrome|Alagille syndrome due to a NOTCH2 point mutation|Hajdu-Cheney syndrome,"Likely benign(Last reviewed: Jan 13, 2022)","criteria provided, multiple submitters, no conflicts",VCV001564834,1.0,120479965,1.0,119937342,1564834,1567788,,NC_000001.11:119937341:C:T,,1:119937342:C>T
NM_024408.4(NOTCH2):c.3450C>T (p.Leu1150=),NOTCH2,,Hajdu-Cheney syndrome,"Likely benign(Last reviewed: Jun 24, 2022)","criteria provided, single submitter",VCV001590138,1.0,120479977,1.0,119937354,1590138,1576683,,NC_000001.11:119937353:G:A,,1:119937354:G>A
NM_024408.4(NOTCH2):c.3447A>G (p.Gln1149=),NOTCH2,,Hajdu-Cheney syndrome,"Likely benign(Last reviewed: Jun 3, 2022)","criteria provided, single submitter",VCV001538228,1.0,120479980,1.0,119937357,1538228,1619454,,NC_000001.11:119937356:T:C,,1:119937357:T>C
NM_024408.4(NOTCH2):c.3415del (p.Leu1139fs),NOTCH2,L1139fs,Hajdu-Cheney syndrome,"Pathogenic(Last reviewed: Jun 22, 2021)","criteria provided, single submitter",VCV001457269,1.0,120480012,1.0,119937389,1457269,1478004,,NC_000001.11:119937388:GGGGG:GGGG,,1:119937389:GGGGG>GGGG
NM_024408.4(NOTCH2):c.3402C>T (p.Tyr1134=),NOTCH2,,Hajdu-Cheney syndrome,"Likely benign(Last reviewed: Oct 13, 2022)","criteria provided, single submitter",VCV002184547,1.0,120480025,1.0,119937402,2184547,1921055,,NC_000001.11:119937401:G:A,,1:119937402:G>A
NM_024408.4(NOTCH2):c.3396G>A (p.Thr1132=),NOTCH2,,Hajdu-Cheney syndrome,"Likely benign(Last reviewed: Sep 27, 2022)","criteria provided, single submitter",VCV002077769,1.0,120480031,1.0,119937408,2077769,2142153,,NC_000001.11:119937407:C:T,,1:119937408:C>T
NM_024408.4(NOTCH2):c.3396G>T (p.Thr1132=),NOTCH2,,Hajdu-Cheney syndrome,"Likely benign(Last reviewed: May 20, 2022)","criteria provided, single submitter",VCV001955355,1.0,120480031,1.0,119937408,1955355,2011623,,NC_000001.11:119937407:C:A,,1:119937408:C>A
NM_024408.4(NOTCH2):c.3318C>T (p.Asp1106=),NOTCH2,,Hajdu-Cheney syndrome,"Likely benign(Last reviewed: May 6, 2022)","criteria provided, single submitter",VCV002134549,1.0,120480499,1.0,119937876,2134549,2192107,,NC_000001.11:119937875:G:A,,1:119937876:G>A
NM_024408.4(NOTCH2):c.3297C>T (p.Asp1099=),NOTCH2,,Hajdu-Cheney syndrome,"Likely benign(Last reviewed: Oct 25, 2022)","criteria provided, single submitter",VCV002050996,1.0,120480520,1.0,119937897,2050996,2111467,,NC_000001.11:119937896:G:A,,1:119937897:G>A
NM_024408.4(NOTCH2):c.3264A>G (p.Leu1088=),NOTCH2,,Hajdu-Cheney syndrome,"Likely benign(Last reviewed: Aug 19, 2022)","criteria provided, single submitter",VCV001953370,1.0,120480553,1.0,119937930,1953370,2010930,,NC_000001.11:119937929:T:C,,1:119937930:T>C
NM_024408.4(NOTCH2):c.3246A>G (p.Lys1082=),NOTCH2,,Hajdu-Cheney syndrome,"Likely benign(Last reviewed: Nov 15, 2021)","criteria provided, single submitter",VCV001548482,1.0,120480571,1.0,119937948,1548482,1657850,,NC_000001.11:119937947:T:C,,1:119937948:T>C
NM_024408.4(NOTCH2):c.3228T>C (p.Gly1076=),NOTCH2,,Hajdu-Cheney syndrome,"Likely benign(Last reviewed: May 11, 2022)","criteria provided, single submitter",VCV001544735,1.0,120480589,1.0,119937966,1544735,1525012,,NC_000001.11:119937965:A:G,,1:119937966:A>G
NM_024408.4(NOTCH2):c.3224A>C (p.Lys1075Thr),NOTCH2,K1075T,Hajdu-Cheney syndrome,"Uncertain significance(Last reviewed: Oct 18, 2022)","criteria provided, single submitter",VCV001380308,1.0,120480593,1.0,119937970,1380308,1506357,,NC_000001.11:119937969:T:G,,1:119937970:T>G
NM_024408.4(NOTCH2):c.3210T>A (p.Ser1070=),NOTCH2,,Hajdu-Cheney syndrome,"Likely benign(Last reviewed: Jan 18, 2022)","criteria provided, single submitter",VCV002133019,1.0,120480607,1.0,119937984,2133019,2191858,,NC_000001.11:119937983:A:T,,1:119937984:A>T
NM_024408.4(NOTCH2):c.3187C>T (p.Leu1063=),NOTCH2,,Hajdu-Cheney syndrome,"Likely benign(Last reviewed: Dec 17, 2021)","criteria provided, single submitter",VCV001989665,1.0,120480630,1.0,119938007,1989665,2037211,,NC_000001.11:119938006:G:A,,1:119938007:G>A
NM_024408.4(NOTCH2):c.3183+15T>C,NOTCH2,,Hajdu-Cheney syndrome,"Likely benign(Last reviewed: Jul 15, 2022)","criteria provided, single submitter",VCV002014154,1.0,120483163,1.0,119940540,2014154,2064367,,NC_000001.11:119940539:A:G,,1:119940540:A>G
NM_024408.4(NOTCH2):c.3183+4A>G,NOTCH2,,Hajdu-Cheney syndrome,"Uncertain significance(Last reviewed: Oct 23, 2022)","criteria provided, single submitter",VCV001910788,1.0,120483174,1.0,119940551,1910788,1966261,,NC_000001.11:119940550:T:C,,1:119940551:T>C
NM_024408.4(NOTCH2):c.3144C>T (p.Arg1048=),NOTCH2,,Hajdu-Cheney syndrome|not provided,"Likely benign(Last reviewed: Apr 1, 2022)","criteria provided, multiple submitters, no conflicts",VCV001905704,1.0,120483217,1.0,119940594,1905704,1955146,,NC_000001.11:119940593:G:A,,1:119940594:G>A
NM_024408.4(NOTCH2):c.3123T>G (p.Val1041=),NOTCH2,,Hajdu-Cheney syndrome,"Likely benign(Last reviewed: Jun 13, 2022)","criteria provided, single submitter",VCV001541779,1.0,120483238,1.0,119940615,1541779,1631662,,NC_000001.11:119940614:A:C,,1:119940615:A>C
NM_024408.4(NOTCH2):c.3111G>A (p.Glu1037=),NOTCH2,,Hajdu-Cheney syndrome,"Likely benign(Last reviewed: Sep 30, 2022)","criteria provided, single submitter",VCV001967692,1.0,120483250,1.0,119940627,1967692,2021791,,NC_000001.11:119940626:C:T,,1:119940627:C>T
NM_024408.4(NOTCH2):c.3108T>C (p.Asn1036=),NOTCH2,,Hajdu-Cheney syndrome,"Likely benign(Last reviewed: May 18, 2022)","criteria provided, single submitter",VCV001995944,1.0,120483253,1.0,119940630,1995944,2056454,,NC_000001.11:119940629:A:G,,1:119940630:A>G
NM_024408.4(NOTCH2):c.3105G>A (p.Leu1035=),NOTCH2,,Hajdu-Cheney syndrome,"Likely benign(Last reviewed: May 8, 2019)","criteria provided, single submitter",VCV001101805,1.0,120483256,1.0,119940633,1101805,1087921,,NC_000001.11:119940632:C:T,,1:119940633:C>T
NM_024408.4(NOTCH2):c.3102C>T (p.Cys1034=),NOTCH2,,Hajdu-Cheney syndrome,"Likely benign(Last reviewed: May 26, 2021)","criteria provided, single submitter",VCV001646524,1.0,120483259,1.0,119940636,1646524,1534094,,NC_000001.11:119940635:G:A,,1:119940636:G>A
NM_024408.4(NOTCH2):c.3094C>T (p.His1032Tyr),NOTCH2,H1032Y,Hajdu-Cheney syndrome,"Uncertain significance(Last reviewed: May 20, 2022)","criteria provided, single submitter",VCV001945776,1.0,120483267,1.0,119940644,1945776,2005925,,NC_000001.11:119940643:G:A,,1:119940644:G>A
NM_024408.4(NOTCH2):c.3060C>T (p.Ser1020=),NOTCH2,,Hajdu-Cheney syndrome,"Likely benign(Last reviewed: Feb 13, 2021)","criteria provided, single submitter",VCV001662470,1.0,120483301,1.0,119940678,1662470,1642694,,NC_000001.11:119940677:G:A,,1:119940678:G>A
NM_024408.4(NOTCH2):c.3053C>A (p.Thr1018Asn),NOTCH2,T1018N,Hajdu-Cheney syndrome,"Uncertain significance(Last reviewed: Sep 29, 2022)","criteria provided, single submitter",VCV001720672,1.0,120483308,1.0,119940685,1720672,1776854,,NC_000001.11:119940684:G:T,,1:119940685:G>T
NM_024408.4(NOTCH2):c.3039C>T (p.Cys1013=),NOTCH2,,Hajdu-Cheney syndrome,"Likely benign(Last reviewed: Aug 9, 2022)","criteria provided, single submitter",VCV001668285,1.0,120483322,1.0,119940699,1668285,1570150,,NC_000001.11:119940698:G:A,,1:119940699:G>A
NM_024408.4(NOTCH2):c.3008T>C (p.Val1003Ala),NOTCH2,V1003A,Hajdu-Cheney syndrome,"Uncertain significance(Last reviewed: Aug 30, 2022)","criteria provided, single submitter",VCV001912507,1.0,120483353,1.0,119940730,1912507,1966682,,NC_000001.11:119940729:A:G,,1:119940730:A>G
NM_024408.4(NOTCH2):c.2982-3T>C,NOTCH2,,Hajdu-Cheney syndrome,"Uncertain significance(Last reviewed: Dec 2, 2021)","criteria provided, single submitter",VCV001469819,1.0,120483382,1.0,119940759,1469819,1375662,,NC_000001.11:119940758:A:G,,1:119940759:A>G
NM_024408.4(NOTCH2):c.2982-9G>T,NOTCH2,,Hajdu-Cheney syndrome,"Likely benign(Last reviewed: Sep 10, 2021)","criteria provided, single submitter",VCV001604018,1.0,120483388,1.0,119940765,1604018,1645085,,NC_000001.11:119940764:C:A,,1:119940765:C>A
NM_024408.4(NOTCH2):c.2982-13G>A,NOTCH2,,Hajdu-Cheney syndrome,"Likely benign(Last reviewed: Nov 17, 2021)","criteria provided, single submitter",VCV001619216,1.0,120483392,1.0,119940769,1619216,1548990,,NC_000001.11:119940768:C:T,,1:119940769:C>T
NM_024408.4(NOTCH2):c.2981+19G>A,NOTCH2,,Hajdu-Cheney syndrome,"Likely benign(Last reviewed: Aug 23, 2022)","criteria provided, single submitter",VCV002056437,1.0,120484130,1.0,119941507,2056437,2113020,,NC_000001.11:119941506:C:T,,1:119941507:C>T
NM_024408.4(NOTCH2):c.2981+19G>T,NOTCH2,,Hajdu-Cheney syndrome,"Likely benign(Last reviewed: Aug 23, 2022)","criteria provided, single submitter",VCV001587270,1.0,120484130,1.0,119941507,1587270,1541786,,NC_000001.11:119941506:C:A,,1:119941507:C>A
NM_024408.4(NOTCH2):c.2981+18C>T,NOTCH2,,Hajdu-Cheney syndrome,"Likely benign(Last reviewed: May 27, 2021)","criteria provided, single submitter",VCV001544246,1.0,120484131,1.0,119941508,1544246,1611784,,NC_000001.11:119941507:G:A,,1:119941508:G>A
NM_024408.4(NOTCH2):c.2981+11A>G,NOTCH2,,Hajdu-Cheney syndrome|not provided|Alagille syndrome due to a NOTCH2 point mutation|Hajdu-Cheney syndrome,"Benign/Likely benign(Last reviewed: Oct 21, 2022)","criteria provided, multiple submitters, no conflicts",VCV001262351,1.0,120484138,1.0,119941515,1262351,1253542,,NC_000001.11:119941514:T:C,,1:119941515:T>C
NM_024408.4(NOTCH2):c.2981+3G>A,NOTCH2,,Hajdu-Cheney syndrome,"Uncertain significance(Last reviewed: Feb 20, 2022)","criteria provided, single submitter",VCV002100361,1.0,120484146,1.0,119941523,2100361,2158258,,NC_000001.11:119941522:C:T,,1:119941523:C>T
NM_024408.4(NOTCH2):c.2915C>T (p.Thr972Ile),NOTCH2,T972I,Hajdu-Cheney syndrome,"Uncertain significance(Last reviewed: Nov 22, 2021)","criteria provided, single submitter",VCV001447406,1.0,120484215,1.0,119941592,1447406,1503461,,NC_000001.11:119941591:G:A,,1:119941592:G>A
NM_024408.4(NOTCH2):c.2796T>G (p.Thr932=),NOTCH2,,not provided|Hajdu-Cheney syndrome,"Benign/Likely benign(Last reviewed: Jan 1, 2023)","criteria provided, multiple submitters, no conflicts",VCV002037895,1.0,120484334,1.0,119941711,2037895,2090655,,NC_000001.11:119941710:A:C,,1:119941711:A>C
NM_024408.4(NOTCH2):c.2794A>G (p.Thr932Ala),NOTCH2,T932A,Hajdu-Cheney syndrome|Inborn genetic diseases,"Uncertain significance(Last reviewed: Feb 10, 2023)","criteria provided, multiple submitters, no conflicts",VCV001395760,1.0,120484336,1.0,119941713,1395760,1425159,,NC_000001.11:119941712:T:C,,1:119941713:T>C
NM_024408.4(NOTCH2):c.2792A>G (p.Asn931Ser),NOTCH2,N931S,Hajdu-Cheney syndrome,"Uncertain significance(Last reviewed: May 15, 2022)","criteria provided, single submitter",VCV001392566,1.0,120484338,1.0,119941715,1392566,1502469,,NC_000001.11:119941714:T:C,,1:119941715:T>C
NM_024408.4(NOTCH2):c.2753-8T>A,NOTCH2,,NOTCH2-related condition|Hajdu-Cheney syndrome,"Uncertain significance(Last reviewed: Aug 10, 2023)","criteria provided, multiple submitters, no conflicts",VCV002144553,1.0,120484385,1.0,119941762,2144553,1876457,,NC_000001.11:119941761:A:T,,1:119941762:A>T
NM_024408.4(NOTCH2):c.2753-12G>T,NOTCH2,,Hajdu-Cheney syndrome,"Likely benign(Last reviewed: Jul 27, 2022)","criteria provided, single submitter",VCV001982813,1.0,120484389,1.0,119941766,1982813,2035573,,NC_000001.11:119941765:C:A,,1:119941766:C>A
NM_024408.4(NOTCH2):c.2753-19T>A,NOTCH2,,Hajdu-Cheney syndrome,"Likely benign(Last reviewed: Jun 14, 2022)","criteria provided, single submitter",VCV002006181,1.0,120484396,1.0,119941773,2006181,2069276,,NC_000001.11:119941772:A:T,,1:119941773:A>T
NM_024408.4(NOTCH2):c.2753-44C>T,NOTCH2,,Hajdu-Cheney syndrome|not provided|Alagille syndrome due to a NOTCH2 point mutation,"Benign(Last reviewed: Sep 5, 2021)","criteria provided, multiple submitters, no conflicts",VCV001293670,1.0,120484421,1.0,119941798,1293670,1283471,,NC_000001.11:119941797:G:A,,1:119941798:G>A
NM_024408.4(NOTCH2):c.2752+17G>C,NOTCH2,,Hajdu-Cheney syndrome|Alagille syndrome due to a NOTCH2 point mutation|Hajdu-Cheney syndrome,"Benign/Likely benign(Last reviewed: Nov 1, 2022)","criteria provided, multiple submitters, no conflicts",VCV001598592,1.0,120491020,1.0,119948397,1598592,1630591,,NC_000001.11:119948396:C:G,,1:119948397:C>G
NM_024408.4(NOTCH2):c.2699C>T (p.Pro900Leu),NOTCH2,P900L,Hajdu-Cheney syndrome|Alagille syndrome due to a NOTCH2 point mutation|Hajdu-Cheney syndrome,"Uncertain significance(Last reviewed: Nov 16, 2021)","criteria provided, multiple submitters, no conflicts",VCV001460637,1.0,120491090,1.0,119948467,1460637,1504685,,NC_000001.11:119948466:G:A,,1:119948467:G>A
NM_024408.4(NOTCH2):c.2694A>G (p.Glu898=),NOTCH2,,Hajdu-Cheney syndrome,"Likely benign(Last reviewed: May 19, 2022)","criteria provided, single submitter",VCV001996595,1.0,120491095,1.0,119948472,1996595,2053670,,NC_000001.11:119948471:T:C,,1:119948472:T>C
NM_024408.4(NOTCH2):c.2685C>T (p.Tyr895=),NOTCH2,,Hajdu-Cheney syndrome,"Likely benign(Last reviewed: Mar 26, 2022)","criteria provided, single submitter",VCV002117336,1.0,120491104,1.0,119948481,2117336,2182977,,NC_000001.11:119948480:G:A,,1:119948481:G>A
NM_024408.4(NOTCH2):c.2661C>T (p.Leu887=),NOTCH2,,Hajdu-Cheney syndrome,"Likely benign(Last reviewed: Jul 29, 2022)","criteria provided, single submitter",VCV001969302,1.0,120491128,1.0,119948505,1969302,2022110,,NC_000001.11:119948504:G:A,,1:119948505:G>A
NM_024408.4(NOTCH2):c.2653dup (p.His885fs),NOTCH2,H885fs,Hajdu-Cheney syndrome,"Likely pathogenic(Last reviewed: May 22, 2022)","criteria provided, single submitter",VCV001687415,1.0,120491135 - 120491136,1.0,119948512 - 119948513,1687415,1679708,,NC_000001.11:119948512:GG:GGG,,1:119948513:GG>GGG
NM_024408.4(NOTCH2):c.2602C>G (p.Gln868Glu),NOTCH2,Q868E,Hajdu-Cheney syndrome,"Uncertain significance(Last reviewed: Nov 2, 2021)","criteria provided, single submitter",VCV001372394,1.0,120491187,1.0,119948564,1372394,1443639,,NC_000001.11:119948563:G:C,,1:119948564:G>C
NM_024408.4(NOTCH2):c.2600-18T>C,NOTCH2,,Hajdu-Cheney syndrome,"Likely benign(Last reviewed: May 29, 2022)","criteria provided, single submitter",VCV002000436,1.0,120491207,1.0,119948584,2000436,2051070,,NC_000001.11:119948583:A:G,,1:119948584:A>G
NM_024408.4(NOTCH2):c.2588C>T (p.Pro863Leu),NOTCH2,P863L,Hajdu-Cheney syndrome,"Uncertain significance(Last reviewed: Jun 13, 2022)","criteria provided, single submitter",VCV001348940,1.0,120491641,1.0,119949018,1348940,1478951,,NC_000001.11:119949017:G:A,,1:119949018:G>A
NM_024408.4(NOTCH2):c.2560T>C (p.Phe854Leu),NOTCH2,F854L,Hajdu-Cheney syndrome,"Uncertain significance(Last reviewed: Feb 2, 2022)","criteria provided, single submitter",VCV001699294,1.0,120491669,1.0,119949046,1699294,1691668,,NC_000001.11:119949045:A:G,,1:119949046:A>G
NM_024408.4(NOTCH2):c.2480-4C>G,NOTCH2,,Alagille syndrome due to a NOTCH2 point mutation|Hajdu-Cheney syndrome|Hajdu-Cheney syndrome,"Benign/Likely benign(Last reviewed: Jul 20, 2022)","criteria provided, multiple submitters, no conflicts",VCV001600586,1.0,120491753,1.0,119949130,1600586,1546013,,NC_000001.11:119949129:G:C,,1:119949130:G>C
NM_024408.4(NOTCH2):c.2480-13A>G,NOTCH2,,Hajdu-Cheney syndrome,"Likely benign(Last reviewed: Sep 14, 2022)","criteria provided, single submitter",VCV002030416,1.0,120491762,1.0,119949139,2030416,2085763,,NC_000001.11:119949138:T:C,,1:119949139:T>C
NM_024408.4(NOTCH2):c.2480-14C>T,NOTCH2,,Hajdu-Cheney syndrome,"Likely benign(Last reviewed: Mar 15, 2022)","criteria provided, single submitter",VCV002165299,1.0,120491763,1.0,119949140,2165299,1905717,,NC_000001.11:119949139:G:A,,1:119949140:G>A
NM_024408.4(NOTCH2):c.2475C>T (p.Tyr825=),NOTCH2,,Hajdu-Cheney syndrome,"Benign(Last reviewed: Oct 5, 2022)","criteria provided, single submitter",VCV002045192,1.0,120493351,1.0,119950728,2045192,2092764,,NC_000001.11:119950727:G:A,,1:119950728:G>A
NM_024408.4(NOTCH2):c.2451C>T (p.Tyr817=),NOTCH2,,Hajdu-Cheney syndrome,"Likely benign(Last reviewed: Nov 1, 2022)","criteria provided, single submitter",VCV002201740,1.0,120493375,1.0,119950752,2201740,1934342,,NC_000001.11:119950751:G:A,,1:119950752:G>A
NM_024408.4(NOTCH2):c.2439C>T (p.Asp813=),NOTCH2,,Hajdu-Cheney syndrome,"Likely benign(Last reviewed: Aug 1, 2022)","criteria provided, single submitter",VCV002056455,1.0,120493387,1.0,119950764,2056455,2109158,,NC_000001.11:119950763:G:A,,1:119950764:G>A
NM_024408.4(NOTCH2):c.2436T>C (p.Asp812=),NOTCH2,,Hajdu-Cheney syndrome,"Likely benign(Last reviewed: Sep 28, 2022)","criteria provided, single submitter",VCV001578526,1.0,120493390,1.0,119950767,1578526,1652208,,NC_000001.11:119950766:A:G,,1:119950767:A>G
NM_024408.4(NOTCH2):c.2366-4A>G,NOTCH2,,Hajdu-Cheney syndrome,"Likely benign(Last reviewed: Jul 14, 2022)","criteria provided, single submitter",VCV002195337,1.0,120493464,1.0,119950841,2195337,1929704,,NC_000001.11:119950840:T:C,,1:119950841:T>C
NM_024408.4(NOTCH2):c.2365+16C>T,NOTCH2,,Hajdu-Cheney syndrome,"Likely benign(Last reviewed: Oct 19, 2022)","criteria provided, single submitter",VCV002198186,1.0,120496150,1.0,119953527,2198186,1933414,,NC_000001.11:119953526:G:A,,1:119953527:G>A
NM_024408.4(NOTCH2):c.2365G>A (p.Gly789Ser),NOTCH2,G789S,Alagille syndrome due to a NOTCH2 point mutation,"Uncertain significance(Last reviewed: Feb 2, 2022)","criteria provided, single submitter",VCV001699130,1.0,120496166,1.0,119953543,1699130,1691504,,NC_000001.11:119953542:C:T,,1:119953543:C>T
NM_024408.4(NOTCH2):c.2352G>T (p.Lys784Asn),NOTCH2,K784N,Hajdu-Cheney syndrome,"Uncertain significance(Last reviewed: Aug 27, 2021)","criteria provided, single submitter",VCV001523286,1.0,120496179,1.0,119953556,1523286,1350455,,NC_000001.11:119953555:C:A,,1:119953556:C>A
NM_024408.4(NOTCH2):c.2339G>T (p.Arg780Met),NOTCH2,R780M,Hajdu-Cheney syndrome,"Uncertain significance(Last reviewed: Jul 5, 2022)","criteria provided, single submitter",VCV001390756,1.0,120496192,1.0,119953569,1390756,1489474,,NC_000001.11:119953568:C:A,,1:119953569:C>A
NM_024408.4(NOTCH2):c.2321A>G (p.Asn774Ser),NOTCH2,N774S,Inborn genetic diseases|Hajdu-Cheney syndrome,"Uncertain significance(Last reviewed: Jan 10, 2023)","criteria provided, multiple submitters, no conflicts",VCV002106024,1.0,120496210,1.0,119953587,2106024,2166485,,NC_000001.11:119953586:T:C,,1:119953587:T>C
NM_024408.4(NOTCH2):c.2294C>T (p.Pro765Leu),NOTCH2,P765L,Hajdu-Cheney syndrome,"Uncertain significance(Last reviewed: Dec 28, 2021)","criteria provided, single submitter",VCV001930474,1.0,120496237,1.0,119953614,1930474,1991946,,NC_000001.11:119953613:G:A,,1:119953614:G>A
NM_024408.4(NOTCH2):c.2274A>C (p.Lys758Asn),NOTCH2,K758N,Hajdu-Cheney syndrome,"Uncertain significance(Last reviewed: Sep 7, 2022)","criteria provided, single submitter",VCV002200489,1.0,120496257,1.0,119953634,2200489,1930924,,NC_000001.11:119953633:T:G,,1:119953634:T>G
NM_024408.4(NOTCH2):c.2244C>G (p.Gly748=),NOTCH2,,Hajdu-Cheney syndrome,"Likely benign(Last reviewed: Apr 15, 2022)","criteria provided, single submitter",VCV002126355,1.0,120496287,1.0,119953664,2126355,2181655,,NC_000001.11:119953663:G:C,,1:119953664:G>C
NM_024408.4(NOTCH2):c.2235_2236del (p.Cys745_Asp746delinsTer),NOTCH2,,Hajdu-Cheney syndrome,"Pathogenic(Last reviewed: Jun 3, 2021)","criteria provided, single submitter",VCV001451302,1.0,120496295 - 120496296,1.0,119953672 - 119953673,1451302,1429556,,NC_000001.11:119953671:CACA:CA,,1:119953672:CACA>CA
NM_024408.4(NOTCH2):c.2223T>C (p.Tyr741=),NOTCH2,,Hajdu-Cheney syndrome,"Likely benign(Last reviewed: Jul 26, 2022)","criteria provided, single submitter",VCV001673155,1.0,120496308,1.0,119953685,1673155,1531601,,NC_000001.11:119953684:A:G,,1:119953685:A>G
NM_024408.4(NOTCH2):c.2222A>C (p.Tyr741Ser),NOTCH2,Y741S,Hajdu-Cheney syndrome,"Uncertain significance(Last reviewed: Apr 4, 2022)","criteria provided, single submitter",VCV002121579,1.0,120496309,1.0,119953686,2121579,2176773,,NC_000001.11:119953685:T:G,,1:119953686:T>G
NM_024408.4(NOTCH2):c.2222A>G (p.Tyr741Cys),NOTCH2,Y741C,Hajdu-Cheney syndrome,"Uncertain significance(Last reviewed: Jul 3, 2022)","criteria provided, single submitter",VCV002013417,1.0,120496309,1.0,119953686,2013417,2071354,,NC_000001.11:119953685:T:C,,1:119953686:T>C
NM_024408.4(NOTCH2):c.2219+15C>T,NOTCH2,,Hajdu-Cheney syndrome,"Likely benign(Last reviewed: Dec 20, 2021)","criteria provided, single submitter",VCV001954449,1.0,120497648,1.0,119955025,1954449,2018464,,NC_000001.11:119955024:G:A,,1:119955025:G>A
NM_024408.4(NOTCH2):c.2142C>T (p.His714=),NOTCH2,,Hajdu-Cheney syndrome,"Likely benign(Last reviewed: Nov 23, 2021)","criteria provided, single submitter",VCV001558511,1.0,120497740,1.0,119955117,1558511,1595100,,NC_000001.11:119955116:G:A,,1:119955117:G>A
NM_024408.4(NOTCH2):c.2133A>C (p.Gly711=),NOTCH2,,Hajdu-Cheney syndrome,"Likely benign(Last reviewed: Mar 11, 2022)","criteria provided, single submitter",VCV001632256,1.0,120497749,1.0,119955126,1632256,1650587,,NC_000001.11:119955125:T:G,,1:119955126:T>G
NM_024408.4(NOTCH2):c.2127C>T (p.Pro709=),NOTCH2,,Hajdu-Cheney syndrome,"Benign(Last reviewed: Aug 30, 2022)","criteria provided, single submitter",VCV001537255,1.0,120497755,1.0,119955132,1537255,1596848,,NC_000001.11:119955131:G:A,,1:119955132:G>A
NM_024408.4(NOTCH2):c.2097C>T (p.Asn699=),NOTCH2,,Hajdu-Cheney syndrome,"Likely benign(Last reviewed: Oct 28, 2022)","criteria provided, single submitter",VCV002092262,1.0,120497785,1.0,119955162,2092262,2148772,,NC_000001.11:119955161:G:A,,1:119955162:G>A
NM_024408.4(NOTCH2):c.2064C>T (p.Ser688=),NOTCH2,,Hajdu-Cheney syndrome,"Likely benign(Last reviewed: Aug 25, 2021)","criteria provided, single submitter",VCV001558056,1.0,120497818,1.0,119955195,1558056,1541075,,NC_000001.11:119955194:G:A,,1:119955195:G>A
NM_024408.4(NOTCH2):c.2027-6C>A,NOTCH2,,Hajdu-Cheney syndrome,"Likely benign(Last reviewed: Jul 12, 2022)","criteria provided, single submitter",VCV002066426,1.0,120497861,1.0,119955238,2066426,2125240,,NC_000001.11:119955237:G:T,,1:119955238:G>T
NM_024408.4(NOTCH2):c.2027-7T>C,NOTCH2,,Hajdu-Cheney syndrome,"Likely benign(Last reviewed: May 6, 2022)","criteria provided, single submitter",VCV002171524,1.0,120497862,1.0,119955239,2171524,1900248,,NC_000001.11:119955238:A:G,,1:119955239:A>G
NM_024408.4(NOTCH2):c.2026+11_2026+19dup,NOTCH2,,Hajdu-Cheney syndrome,"Likely benign(Last reviewed: Jul 12, 2022)","criteria provided, single submitter",VCV001674720,1.0,120501995 - 120501996,1.0,119959372 - 119959373,1674720,1532726,,NC_000001.11:119959372:GCAGTAAAAG:GCAGTAAAAGCAGTAAAAG,,1:119959373:GCAGTAAAAG>GCAGTAAAAGCAGTAAAAG
NM_024408.4(NOTCH2):c.2026+6G>C,NOTCH2,,Hajdu-Cheney syndrome,"Uncertain significance(Last reviewed: Jul 6, 2022)","criteria provided, single submitter",VCV001500598,1.0,120502009,1.0,119959386,1500598,1501521,,NC_000001.11:119959385:C:G,,1:119959386:C>G
NM_024408.4(NOTCH2):c.2026+6G>A,NOTCH2,,Hajdu-Cheney syndrome,"Uncertain significance(Last reviewed: May 8, 2021)","criteria provided, single submitter",VCV001442448,1.0,120502009,1.0,119959386,1442448,1375212,,NC_000001.11:119959385:C:T,,1:119959386:C>T
NM_024408.4(NOTCH2):c.2016A>G (p.Pro672=),NOTCH2,,Hajdu-Cheney syndrome,"Likely benign(Last reviewed: Aug 19, 2022)","criteria provided, single submitter",VCV002153749,1.0,120502025,1.0,119959402,2153749,1892524,,NC_000001.11:119959401:T:C,,1:119959402:T>C
NM_024408.4(NOTCH2):c.1955A>T (p.Asn652Ile),NOTCH2,N652I,Hajdu-Cheney syndrome,"Uncertain significance(Last reviewed: Nov 21, 2021)","criteria provided, single submitter",VCV001445070,1.0,120502086,1.0,119959463,1445070,1397396,,NC_000001.11:119959462:T:A,,1:119959463:T>A
NM_024408.4(NOTCH2):c.1923T>C (p.Asn641=),NOTCH2,,Hajdu-Cheney syndrome,"Likely benign(Last reviewed: Oct 25, 2022)","criteria provided, single submitter",VCV002070556,1.0,120502118,1.0,119959495,2070556,2119789,,NC_000001.11:119959494:A:G,,1:119959495:A>G
NM_024408.4(NOTCH2):c.1916-19G>A,NOTCH2,,Hajdu-Cheney syndrome,"Likely benign(Last reviewed: Aug 16, 2022)","criteria provided, single submitter",VCV002081356,1.0,120502144,1.0,119959521,2081356,2143155,,NC_000001.11:119959520:C:T,,1:119959521:C>T
NM_024408.4(NOTCH2):c.1916-20C>T,NOTCH2,,Hajdu-Cheney syndrome,"Likely benign(Last reviewed: Oct 2, 2022)","criteria provided, single submitter",VCV001900761,1.0,120502145,1.0,119959522,1900761,1963591,,NC_000001.11:119959521:G:A,,1:119959522:G>A
NM_024408.4(NOTCH2):c.1915+12C>T,NOTCH2,,Hajdu-Cheney syndrome,"Likely benign(Last reviewed: Oct 27, 2022)","criteria provided, single submitter",VCV001578132,1.0,120506185,1.0,119963562,1578132,1587600,,NC_000001.11:119963561:G:A,,1:119963562:G>A
NM_024408.4(NOTCH2):c.1915+9A>G,NOTCH2,,Hajdu-Cheney syndrome,"Likely benign(Last reviewed: Aug 17, 2022)","criteria provided, single submitter",VCV002039207,1.0,120506188,1.0,119963565,2039207,2094530,,NC_000001.11:119963564:T:C,,1:119963565:T>C
NM_024408.4(NOTCH2):c.1911G>A (p.Thr637=),NOTCH2,,Hajdu-Cheney syndrome,"Likely benign(Last reviewed: Dec 15, 2020)","criteria provided, single submitter",VCV001584474,1.0,120506201,1.0,119963578,1584474,1592111,,NC_000001.11:119963577:C:T,,1:119963578:C>T
NM_024408.4(NOTCH2):c.1905A>G (p.Pro635=),NOTCH2,,Hajdu-Cheney syndrome,"Likely benign(Last reviewed: May 15, 2022)","criteria provided, single submitter",VCV002157906,1.0,120506207,1.0,119963584,2157906,1890211,,NC_000001.11:119963583:T:C,,1:119963584:T>C
NM_024408.4(NOTCH2):c.1854C>T (p.Asn618=),NOTCH2,,Hajdu-Cheney syndrome,"Likely benign(Last reviewed: May 3, 2022)","criteria provided, single submitter",VCV001989277,1.0,120506258,1.0,119963635,1989277,2040621,,NC_000001.11:119963634:G:A,,1:119963635:G>A
NM_024408.4(NOTCH2):c.1834T>C (p.Tyr612His),NOTCH2,Y612H,Hajdu-Cheney syndrome,"Uncertain significance(Last reviewed: Jul 23, 2022)","criteria provided, single submitter",VCV002042669,1.0,120506278,1.0,119963655,2042669,2095394,,NC_000001.11:119963654:A:G,,1:119963655:A>G
NM_024408.4(NOTCH2):c.1817A>T (p.Asp606Val),NOTCH2,D606V,Hajdu-Cheney syndrome,"Uncertain significance(Last reviewed: Sep 13, 2022)","criteria provided, single submitter",VCV001722065,1.0,120506295,1.0,119963672,1722065,1779783,,NC_000001.11:119963671:T:A,,1:119963672:T>A
NM_024408.4(NOTCH2):c.1803C>T (p.Gly601=),NOTCH2,,Hajdu-Cheney syndrome|Alagille syndrome due to a NOTCH2 point mutation|Hajdu-Cheney syndrome,"Likely benign(Last reviewed: Oct 8, 2022)","criteria provided, multiple submitters, no conflicts",VCV001580348,1.0,120506309,1.0,119963686,1580348,1653170,,NC_000001.11:119963685:G:A,,1:119963686:G>A
NM_024408.4(NOTCH2):c.1728C>T (p.Pro576=),NOTCH2,,Hajdu-Cheney syndrome,"Likely benign(Last reviewed: Aug 8, 2022)","criteria provided, single submitter",VCV002170572,1.0,120506384,1.0,119963761,2170572,1907102,,NC_000001.11:119963760:G:A,,1:119963761:G>A
NM_024408.4(NOTCH2):c.1709A>T (p.Asn570Ile),NOTCH2,N570I,Hajdu-Cheney syndrome,"Uncertain significance(Last reviewed: Aug 6, 2022)","criteria provided, single submitter",VCV001715368,1.0,120506403,1.0,119963780,1715368,1775513,,NC_000001.11:119963779:T:A,,1:119963780:T>A
NM_024408.4(NOTCH2):c.1681+19T>G,NOTCH2,,Hajdu-Cheney syndrome,"Likely benign(Last reviewed: Jul 31, 2022)","criteria provided, single submitter",VCV002189660,1.0,120508057,1.0,119965434,2189660,1922281,,NC_000001.11:119965433:A:C,,1:119965434:A>C
NM_024408.4(NOTCH2):c.1670A>G (p.Gln557Arg),NOTCH2,Q557R,Hajdu-Cheney syndrome,"Uncertain significance(Last reviewed: Aug 17, 2022)","criteria provided, single submitter",VCV002010544,1.0,120508087,1.0,119965464,2010544,2063334,,NC_000001.11:119965463:T:C,,1:119965464:T>C
NM_024408.4(NOTCH2):c.1668C>A (p.Cys556Ter),NOTCH2,C556*,Hajdu-Cheney syndrome,"Pathogenic(Last reviewed: May 5, 2020)","criteria provided, single submitter",VCV001068831,1.0,120508089,1.0,119965466,1068831,1058398,,NC_000001.11:119965465:G:T,,1:119965466:G>T
NM_024408.4(NOTCH2):c.1662T>C (p.Tyr554=),NOTCH2,,Hajdu-Cheney syndrome,"Likely benign(Last reviewed: Aug 22, 2022)","criteria provided, single submitter",VCV002045206,1.0,120508095,1.0,119965472,2045206,2092778,,NC_000001.11:119965471:A:G,,1:119965472:A>G
NM_024408.4(NOTCH2):c.1624C>T (p.Leu542=),NOTCH2,,Hajdu-Cheney syndrome,"Likely benign(Last reviewed: Mar 30, 2022)","criteria provided, single submitter",VCV002106609,1.0,120508133,1.0,119965510,2106609,2159318,,NC_000001.11:119965509:G:A,,1:119965510:G>A
NM_024408.4(NOTCH2):c.1620G>A (p.Pro540=),NOTCH2,,Hajdu-Cheney syndrome,"Likely benign(Last reviewed: Aug 20, 2022)","criteria provided, single submitter",VCV002038020,1.0,120508137,1.0,119965514,2038020,2090780,,NC_000001.11:119965513:C:T,,1:119965514:C>T
NM_024408.4(NOTCH2):c.1602T>C (p.Asp534=),NOTCH2,,Hajdu-Cheney syndrome,"Likely benign(Last reviewed: Aug 23, 2022)","criteria provided, single submitter",VCV002050787,1.0,120508155,1.0,119965532,2050787,2115132,,NC_000001.11:119965531:A:G,,1:119965532:A>G
NM_024408.4(NOTCH2):c.1568-11C>T,NOTCH2,,Hajdu-Cheney syndrome,"Likely benign(Last reviewed: May 18, 2021)","criteria provided, single submitter",VCV001545465,1.0,120508200,1.0,119965577,1545465,1559186,,NC_000001.11:119965576:G:A,,1:119965577:G>A
NM_024408.4(NOTCH2):c.1568-16A>G,NOTCH2,,Hajdu-Cheney syndrome,"Likely benign(Last reviewed: May 19, 2022)","criteria provided, single submitter",VCV002116467,1.0,120508205,1.0,119965582,2116467,2165182,,NC_000001.11:119965581:T:C,,1:119965582:T>C
NM_024408.4(NOTCH2):c.1568-17C>T,NOTCH2,,Hajdu-Cheney syndrome|not provided|Alagille syndrome due to a NOTCH2 point mutation|Hajdu-Cheney syndrome,"Benign/Likely benign(Last reviewed: Nov 2, 2022)","criteria provided, multiple submitters, no conflicts",VCV001239348,1.0,120508206,1.0,119965583,1239348,1229678,,NC_000001.11:119965582:G:A,,1:119965583:G>A
NM_024408.4(NOTCH2):c.1568-18C>T,NOTCH2,,Hajdu-Cheney syndrome,"Likely benign(Last reviewed: Oct 23, 2022)","criteria provided, single submitter",VCV002419581,1.0,120508207,1.0,119965584,2419581,1938401,,NC_000001.11:119965583:G:A,,1:119965584:G>A
NM_024408.4(NOTCH2):c.1567+18G>C,NOTCH2,,Hajdu-Cheney syndrome,"Likely benign(Last reviewed: Sep 16, 2022)","criteria provided, single submitter",VCV001564333,1.0,120508981,1.0,119966358,1564333,1654702,,NC_000001.11:119966357:C:G,,1:119966358:C>G
NM_024408.4(NOTCH2):c.1567+16C>A,NOTCH2,,Hajdu-Cheney syndrome,"Likely benign(Last reviewed: Feb 11, 2022)","criteria provided, single submitter",VCV002085820,1.0,120508983,1.0,119966360,2085820,2133409,,NC_000001.11:119966359:G:T,,1:119966360:G>T
NM_024408.4(NOTCH2):c.1567+12C>T,NOTCH2,,Hajdu-Cheney syndrome|not provided|Alagille syndrome due to a NOTCH2 point mutation|Hajdu-Cheney syndrome,"Benign/Likely benign(Last reviewed: Oct 26, 2022)","criteria provided, multiple submitters, no conflicts",VCV001232150,1.0,120508987,1.0,119966364,1232150,1219567,,NC_000001.11:119966363:G:A,,1:119966364:G>A
NM_024408.4(NOTCH2):c.1557G>T (p.Leu519=),NOTCH2,,Hajdu-Cheney syndrome,"Likely benign(Last reviewed: Oct 19, 2022)","criteria provided, single submitter",VCV002090277,1.0,120509009,1.0,119966386,2090277,2152060,,NC_000001.11:119966385:C:A,,1:119966386:C>A
NM_024408.4(NOTCH2):c.1550A>G (p.Gln517Arg),NOTCH2,Q517R,Hajdu-Cheney syndrome,"Uncertain significance(Last reviewed: Apr 16, 2022)","criteria provided, single submitter",VCV002421762,1.0,120509016,1.0,119966393,2421762,1945123,,NC_000001.11:119966392:T:C,,1:119966393:T>C
NM_024408.4(NOTCH2):c.1539C>A (p.Val513=),NOTCH2,,Hajdu-Cheney syndrome,"Likely benign(Last reviewed: Oct 8, 2022)","criteria provided, single submitter",VCV001494860,1.0,120509027,1.0,119966404,1494860,1345002,,NC_000001.11:119966403:G:T,,1:119966404:G>T
NM_024408.4(NOTCH2):c.1534A>G (p.Lys512Glu),NOTCH2,K512E,Hajdu-Cheney syndrome,"Uncertain significance(Last reviewed: Aug 9, 2022)","criteria provided, single submitter",VCV001354168,1.0,120509032,1.0,119966409,1354168,1341286,,NC_000001.11:119966408:T:C,,1:119966409:T>C
NM_024408.4(NOTCH2):c.1465G>A (p.Val489Met),NOTCH2,V489M,Hajdu-Cheney syndrome,"Uncertain significance(Last reviewed: Jul 9, 2022)","criteria provided, single submitter",VCV002015315,1.0,120509101,1.0,119966478,2015315,2068113,,NC_000001.11:119966477:C:T,,1:119966478:C>T
NM_024408.4(NOTCH2):c.1454-6G>T,NOTCH2,,Hajdu-Cheney syndrome,"Benign(Last reviewed: Jul 10, 2022)","criteria provided, single submitter",VCV002202468,1.0,120509118,1.0,119966495,2202468,1931590,,NC_000001.11:119966494:C:A,,1:119966495:C>A
NM_024408.4(NOTCH2):c.1454-14T>A,NOTCH2,,Hajdu-Cheney syndrome,"Likely benign(Last reviewed: Jun 27, 2022)","criteria provided, single submitter",VCV001614462,1.0,120509126,1.0,119966503,1614462,1613049,,NC_000001.11:119966502:A:T,,1:119966503:A>T
NM_024408.4(NOTCH2):c.1453+19A>C,NOTCH2,,Hajdu-Cheney syndrome,"Likely benign(Last reviewed: Apr 28, 2022)","criteria provided, single submitter",VCV001908684,1.0,120510037,1.0,119967414,1908684,1958986,,NC_000001.11:119967413:T:G,,1:119967414:T>G
NM_024408.4(NOTCH2):c.1453+7G>C,NOTCH2,,Hajdu-Cheney syndrome,"Likely benign(Last reviewed: Apr 6, 2021)","criteria provided, single submitter",VCV001548246,1.0,120510049,1.0,119967426,1548246,1538064,,NC_000001.11:119967425:C:G,,1:119967426:C>G
NM_024408.4(NOTCH2):c.1437A>G (p.Thr479=),NOTCH2,,Hajdu-Cheney syndrome,"Likely benign(Last reviewed: Oct 2, 2022)","criteria provided, single submitter",VCV002194743,1.0,120510072,1.0,119967449,2194743,1932586,,NC_000001.11:119967448:T:C,,1:119967449:T>C
NM_024408.4(NOTCH2):c.1387G>C (p.Asp463His),NOTCH2,D463H,Hajdu-Cheney syndrome,"Uncertain significance(Last reviewed: Aug 19, 2022)","criteria provided, single submitter",VCV001716963,1.0,120510122,1.0,119967499,1716963,1775788,,NC_000001.11:119967498:C:G,,1:119967499:C>G
NM_024408.4(NOTCH2):c.1314C>T (p.Gly438=),NOTCH2,,Hajdu-Cheney syndrome,"Uncertain significance(Last reviewed: Aug 20, 2021)","criteria provided, single submitter",VCV001355813,1.0,120510195,1.0,119967572,1355813,1354110,,NC_000001.11:119967571:G:A,,1:119967572:G>A
NM_024408.4(NOTCH2):c.1299T>C (p.Cys433=),NOTCH2,,Hajdu-Cheney syndrome,"Benign(Last reviewed: Sep 1, 2022)","criteria provided, single submitter",VCV001169611,1.0,120510210,1.0,119967587,1169611,1153217,,NC_000001.11:119967586:A:G,,1:119967587:A>G
NM_024408.4(NOTCH2):c.1281T>C (p.Cys427=),NOTCH2,,Hajdu-Cheney syndrome,"Likely benign(Last reviewed: Aug 21, 2022)","criteria provided, single submitter",VCV002061658,1.0,120510228,1.0,119967605,2061658,2120806,,NC_000001.11:119967604:A:G,,1:119967605:A>G
NM_024408.4(NOTCH2):c.1236C>T (p.Cys412=),NOTCH2,,Hajdu-Cheney syndrome,"Likely benign(Last reviewed: Dec 6, 2021)","criteria provided, single submitter",VCV001662901,1.0,120510728,1.0,119968105,1662901,1555707,,NC_000001.11:119968104:G:A,,1:119968105:G>A
NM_024408.4(NOTCH2):c.1213C>G (p.Gln405Glu),NOTCH2,Q405E,Hajdu-Cheney syndrome,"Uncertain significance(Last reviewed: Sep 1, 2022)","criteria provided, single submitter",VCV001718578,1.0,120510751,1.0,119968128,1718578,1778938,,NC_000001.11:119968127:G:C,,1:119968128:G>C
NM_024408.4(NOTCH2):c.1209C>T (p.Cys403=),NOTCH2,,Hajdu-Cheney syndrome,"Likely benign(Last reviewed: Sep 4, 2021)","criteria provided, single submitter",VCV001594568,1.0,120510755,1.0,119968132,1594568,1621692,,NC_000001.11:119968131:G:A,,1:119968132:G>A
NM_024408.4(NOTCH2):c.1194A>G (p.Gln398=),NOTCH2,,Hajdu-Cheney syndrome,"Uncertain significance(Last reviewed: Aug 26, 2021)","criteria provided, single submitter",VCV001522326,1.0,120510770,1.0,119968147,1522326,1369270,,NC_000001.11:119968146:T:C,,1:119968147:T>C
NM_024408.4(NOTCH2):c.1183C>T (p.Leu395=),NOTCH2,,Hajdu-Cheney syndrome,"Likely benign(Last reviewed: Jan 16, 2022)","criteria provided, single submitter",VCV001954856,1.0,120510781,1.0,119968158,1954856,2014998,,NC_000001.11:119968157:G:A,,1:119968158:G>A
NM_024408.4(NOTCH2):c.1158G>A (p.Lys386=),NOTCH2,,Hajdu-Cheney syndrome|Alagille syndrome due to a NOTCH2 point mutation|Hajdu-Cheney syndrome,"Likely benign(Last reviewed: Dec 30, 2021)","criteria provided, multiple submitters, no conflicts",VCV001582799,1.0,120510806,1.0,119968183,1582799,1567068,,NC_000001.11:119968182:C:T,,1:119968183:C>T
NM_024408.4(NOTCH2):c.1113C>G (p.Leu371=),NOTCH2,,Hajdu-Cheney syndrome,"Likely benign(Last reviewed: Aug 10, 2022)","criteria provided, single submitter",VCV001442409,1.0,120510851,1.0,119968228,1442409,1475274,,NC_000001.11:119968227:G:C,,1:119968228:G>C
NM_024408.4(NOTCH2):c.1109-12A>C,NOTCH2,,Alagille syndrome due to a NOTCH2 point mutation|Hajdu-Cheney syndrome|Hajdu-Cheney syndrome,"Likely benign(Last reviewed: Apr 28, 2022)","criteria provided, multiple submitters, no conflicts",VCV001631293,1.0,120510867,1.0,119968244,1631293,1543704,,NC_000001.11:119968243:T:G,,1:119968244:T>G
NM_024408.4(NOTCH2):c.1109-13dup,NOTCH2,,Hajdu-Cheney syndrome,"Benign(Last reviewed: Aug 15, 2022)","criteria provided, single submitter",VCV001624671,1.0,120510867 - 120510868,1.0,119968244 - 119968245,1624671,1629290,,NC_000001.11:119968244:GGGG:GGGGG,,1:119968245:GGGG>GGGGG
NM_024408.4(NOTCH2):c.1109-14C>T,NOTCH2,,not specified,"Uncertain significance(Last reviewed: Feb 1, 2023)","criteria provided, single submitter",VCV002445751,1.0,120510869,1.0,119968246,2445751,2418703,,NC_000001.11:119968245:G:A,,1:119968246:G>A
NM_024408.4(NOTCH2):c.1109-18T>C,NOTCH2,,Hajdu-Cheney syndrome,"Likely benign(Last reviewed: Sep 27, 2022)","criteria provided, single submitter",VCV002003952,1.0,120510873,1.0,119968250,2003952,2052009,,NC_000001.11:119968249:A:G,,1:119968250:A>G
NM_024408.4(NOTCH2):c.1108+30A>G,NOTCH2,,Hajdu-Cheney syndrome|not provided|Alagille syndrome due to a NOTCH2 point mutation,"Benign(Last reviewed: Sep 5, 2021)","criteria provided, multiple submitters, no conflicts",VCV001283582,1.0,120512104,1.0,119969481,1283582,1273522,,NC_000001.11:119969480:T:C,,1:119969481:T>C
NM_024408.4(NOTCH2):c.1108+18G>A,NOTCH2,,Hajdu-Cheney syndrome,"Likely benign(Last reviewed: Mar 18, 2022)","criteria provided, single submitter",VCV002421967,1.0,120512116,1.0,119969493,2421967,1945336,,NC_000001.11:119969492:C:T,,1:119969493:C>T
NM_024408.4(NOTCH2):c.1108+17C>T,NOTCH2,,Hajdu-Cheney syndrome,"Likely benign(Last reviewed: Sep 27, 2022)","criteria provided, single submitter",VCV001575532,1.0,120512117,1.0,119969494,1575532,1551560,,NC_000001.11:119969493:G:A,,1:119969494:G>A
NM_024408.4(NOTCH2):c.1108+14G>A,NOTCH2,,Hajdu-Cheney syndrome|not provided|Alagille syndrome due to a NOTCH2 point mutation|Hajdu-Cheney syndrome,"Benign/Likely benign(Last reviewed: Nov 2, 2022)","criteria provided, multiple submitters, no conflicts",VCV001239185,1.0,120512120,1.0,119969497,1239185,1227020,,NC_000001.11:119969496:C:T,,1:119969497:C>T
NM_024408.4(NOTCH2):c.1105G>T (p.Ala369Ser),NOTCH2,A369S,Hajdu-Cheney syndrome,"Uncertain significance(Last reviewed: Feb 6, 2022)","criteria provided, single submitter",VCV002093925,1.0,120512137,1.0,119969514,2093925,2153128,,NC_000001.11:119969513:C:A,,1:119969514:C>A
NM_024408.4(NOTCH2):c.1076C>G (p.Ser359Cys),NOTCH2,S359C,Hajdu-Cheney syndrome,"Uncertain significance(Last reviewed: Jun 29, 2022)","criteria provided, single submitter",VCV002012142,1.0,120512166,1.0,119969543,2012142,2067519,,NC_000001.11:119969542:G:C,,1:119969543:G>C
NM_024408.4(NOTCH2):c.1032C>T (p.Phe344=),NOTCH2,,not provided|Hajdu-Cheney syndrome|Alagille syndrome due to a NOTCH2 point mutation|Hajdu-Cheney syndrome,"Likely benign(Last reviewed: Mar 26, 2022)","criteria provided, multiple submitters, no conflicts",VCV001176201,1.0,120512210,1.0,119969587,1176201,1165446,,NC_000001.11:119969586:G:A,,1:119969587:G>A
NM_024408.4(NOTCH2):c.1029C>T (p.Ala343=),NOTCH2,,Hajdu-Cheney syndrome,"Uncertain significance(Last reviewed: Oct 8, 2022)","criteria provided, single submitter",VCV002151340,1.0,120512213,1.0,119969590,2151340,1884906,,NC_000001.11:119969589:G:A,,1:119969590:G>A
NM_024408.4(NOTCH2):c.1004G>A (p.Cys335Tyr),NOTCH2,C335Y,Hajdu-Cheney syndrome,"Uncertain significance(Last reviewed: Jul 22, 2022)","criteria provided, single submitter",VCV001708122,1.0,120512238,1.0,119969615,1708122,1706419,,NC_000001.11:119969614:C:T,,1:119969615:C>T
NM_024408.4(NOTCH2):c.909G>A (p.Leu303=),NOTCH2,,Hajdu-Cheney syndrome,"Likely benign(Last reviewed: Sep 19, 2022)","criteria provided, single submitter",VCV001603824,1.0,120512333,1.0,119969710,1603824,1644891,,NC_000001.11:119969709:C:T,,1:119969710:C>T
NM_024408.4(NOTCH2):c.908T>C (p.Leu303Pro),NOTCH2,L303P,Hajdu-Cheney syndrome,"Uncertain significance(Last reviewed: Oct 7, 2022)","criteria provided, single submitter",VCV001721202,1.0,120512334,1.0,119969711,1721202,1775184,,NC_000001.11:119969710:A:G,,1:119969711:A>G
NM_024408.4(NOTCH2):c.901G>T (p.Glu301Ter),NOTCH2,E301*,Hajdu-Cheney syndrome,"Pathogenic(Last reviewed: Oct 5, 2022)","criteria provided, single submitter",VCV002029083,1.0,120512341,1.0,119969718,2029083,2081876,,NC_000001.11:119969717:C:A,,1:119969718:C>A
NM_024408.4(NOTCH2):c.874+7A>G,NOTCH2,,Hajdu-Cheney syndrome,"Likely benign(Last reviewed: May 27, 2022)","criteria provided, single submitter",VCV002151354,1.0,120529576,1.0,119986953,2151354,1884920,,NC_000001.11:119986952:T:C,,1:119986953:T>C
NM_024408.4(NOTCH2):c.874+6T>C,NOTCH2,,Hajdu-Cheney syndrome,"Uncertain significance(Last reviewed: May 8, 2022)","criteria provided, single submitter",VCV001983576,1.0,120529577,1.0,119986954,1983576,2042731,,NC_000001.11:119986953:A:G,,1:119986954:A>G
NM_024408.4(NOTCH2):c.855C>T (p.Arg285=),NOTCH2,,Hajdu-Cheney syndrome,"Likely benign(Last reviewed: Sep 1, 2022)","criteria provided, single submitter",VCV001669610,1.0,120529602,1.0,119986979,1669610,1665864,,NC_000001.11:119986978:G:A,,1:119986979:G>A
NM_024408.4(NOTCH2):c.843T>C (p.Thr281=),NOTCH2,,Hajdu-Cheney syndrome,"Likely benign(Last reviewed: Jul 13, 2021)","criteria provided, single submitter",VCV001562099,1.0,120529614,1.0,119986991,1562099,1608638,,NC_000001.11:119986990:A:G,,1:119986991:A>G
NM_024408.4(NOTCH2):c.768C>T (p.Thr256=),NOTCH2,,Hajdu-Cheney syndrome,"Likely benign(Last reviewed: Jun 26, 2022)","criteria provided, single submitter",VCV002102783,1.0,120529689,1.0,119987066,2102783,2161843,,NC_000001.11:119987065:G:A,,1:119987066:G>A
NM_024408.4(NOTCH2):c.752-16G>A,NOTCH2,,Hajdu-Cheney syndrome,"Likely benign(Last reviewed: Sep 24, 2022)","criteria provided, single submitter",VCV002167842,1.0,120529721,1.0,119987098,2167842,1903085,,NC_000001.11:119987097:C:T,,1:119987098:C>T
NM_024408.4(NOTCH2):c.15C>T (p.Arg5=),NOTCH2,,Alagille syndrome due to a NOTCH2 point mutation|Hajdu-Cheney syndrome|Hajdu-Cheney syndrome|Alagille syndrome due to a NOTCH2 point mutation,"Benign(Last reviewed: Sep 5, 2021)","criteria provided, multiple submitters, no conflicts",VCV001174922,1.0,120612006,1.0,120069392,1174922,1164056,,NC_000001.11:120069391:G:A,,1:120069392:G>A
