Name,Gene(s),Protein change,Condition(s),clinical_significance,Review status,Accession,GRCh37Chromosome,GRCh37Location,GRCh38Chromosome,GRCh38Location,VariationID,AlleleID(s),ID,Canonical_SPDI,Unnamed: 15,coordinates
NM_024408.4(NOTCH2):c.7165C>T (p.Gln2389Ter),NOTCH2,Q2389*,Hajdu-Cheney syndrome,"Pathogenic(Last reviewed: Jan 1, 2012)",no assertion criteria provided,VCV000030061,1.0,120458180,1.0,119915557,30061,39016,rs387906749,NC_000001.11:119915556:G:A,,1:119915557:G>A
NM_024408.4(NOTCH2):c.7119T>G (p.Tyr2373Ter),NOTCH2,Y2373*,Hajdu-Cheney syndrome,"Pathogenic(Last reviewed: Mar 6, 2011)",no assertion criteria provided,VCV000030058,1.0,120458226,1.0,119915603,30058,39013,rs1557801639,NC_000001.11:119915602:A:C,,1:119915603:A>C
NM_024408.4(NOTCH2):c.7099C>T (p.Gln2367Ter),NOTCH2,Q2367*,Hajdu-Cheney syndrome,"Pathogenic(Last reviewed: May 22, 2022)","criteria provided, single submitter",VCV002127842,1.0,120458246,1.0,119915623,2127842,2185719,,NC_000001.11:119915622:G:A,,1:119915623:G>A
NM_024408.4(NOTCH2):c.7090del (p.Gln2364fs),NOTCH2,Q2364fs,Hajdu-Cheney syndrome,Pathogenic,"criteria provided, single submitter",VCV000973762,1.0,120458255,1.0,119915632,973762,962054,rs1649037695,NC_000001.11:119915631:G:,,1:119915632:G>
NM_024408.4(NOTCH2):c.7078C>T (p.Gln2360Ter),NOTCH2,Q2360*,Hajdu-Cheney syndrome,"Pathogenic(Last reviewed: Oct 1, 2017)",no assertion criteria provided,VCV000518449,1.0,120458267,1.0,119915644,518449,509039,rs1553193485,NC_000001.11:119915643:G:A,,1:119915644:G>A
NM_024408.4(NOTCH2):c.6949C>T (p.Gln2317Ter),NOTCH2,Q2317*,Hajdu-Cheney syndrome,"Pathogenic(Last reviewed: Mar 6, 2011)",no assertion criteria provided,VCV000030059,1.0,120458396,1.0,119915773,30059,39014,rs387906747,NC_000001.11:119915772:G:A,,1:119915773:G>A
NM_024408.4(NOTCH2):c.6919_6920del (p.Phe2307fs),NOTCH2,F2307fs,Hajdu-Cheney syndrome,"Likely pathogenic(Last reviewed: Jan 21, 2019)",no assertion criteria provided,VCV000617549,1.0,120458425 - 120458426,1.0,119915802 - 119915803,617549,608918,rs1570654979,NC_000001.11:119915801:AAA:A,,1:119915802:AAA>A
NM_024408.4(NOTCH2):c.6909del (p.Ile2304fs),NOTCH2,I2304fs,Hajdu-Cheney syndrome,"Pathogenic(Last reviewed: Oct 5, 2018)","criteria provided, single submitter",VCV000623649,1.0,120458436,1.0,119915813,623649,612470,rs771237928,NC_000001.11:119915812:GGGGGG:GGGGG,,1:119915813:GGGGGG>GGGGG
NM_024408.4(NOTCH2):c.6895G>T (p.Glu2299Ter),NOTCH2,E2299*,Hajdu-Cheney syndrome,"Pathogenic(Last reviewed: Jan 1, 2012)",no assertion criteria provided,VCV000030060,1.0,120458450,1.0,119915827,30060,39015,rs387906748,NC_000001.11:119915826:C:A,,1:119915827:C>A
NM_024408.4(NOTCH2):c.6877del (p.His2293fs),NOTCH2,H2293fs,Hajdu-Cheney syndrome,"Pathogenic(Last reviewed: Apr 18, 2018)","criteria provided, single submitter",VCV000976082,1.0,120458468,1.0,119915845,976082,964126,rs1649047546,NC_000001.11:119915844:G:,,1:119915845:G>
NM_024408.4(NOTCH2):c.6832dup (p.Thr2278fs),NOTCH2,T2278fs,Hajdu-Cheney syndrome,"Pathogenic(Last reviewed: May 4, 2022)","criteria provided, single submitter",VCV001685986,1.0,120458512 - 120458513,1.0,119915889 - 119915890,1685986,1677998,,NC_000001.11:119915889:T:TT,,1:119915890:T>TT
NM_024408.4(NOTCH2):c.6667C>T (p.Gln2223Ter),NOTCH2,Q2223*,Hajdu-Cheney syndrome,"Pathogenic(Last reviewed: May 21, 2020)","criteria provided, single submitter",VCV001805545,1.0,120458678,1.0,119916055,1805545,1862556,,NC_000001.11:119916054:G:A,,1:119916055:G>A
NM_024408.4(NOTCH2):c.6622C>T (p.Gln2208Ter),NOTCH2,Q2208*,Hajdu-Cheney syndrome,"Pathogenic(Last reviewed: Mar 6, 2011)",no assertion criteria provided,VCV000030057,1.0,120458723,1.0,119916100,30057,39012,rs387906746,NC_000001.11:119916099:G:A,,1:119916100:G>A
NM_024408.4(NOTCH2):c.6586C>T (p.Gln2196Ter),NOTCH2,Q2196*,Alagille syndrome due to a NOTCH2 point mutation|Hajdu-Cheney syndrome,"Likely pathogenic(Last reviewed: Jul 14, 2021)","criteria provided, single submitter",VCV001329467,1.0,120458759,1.0,119916136,1329467,1320153,,NC_000001.11:119916135:G:A,,1:119916136:G>A
NM_024408.4(NOTCH2):c.6503del (p.Pro2168fs),NOTCH2,P2168fs,Hajdu-Cheney syndrome,"Pathogenic(Last reviewed: Aug 27, 2021)","criteria provided, single submitter",VCV000571329,1.0,120458842,1.0,119916219,571329,556572,rs1557802165,NC_000001.11:119916218:GG:G,,1:119916219:GG>G
NM_024408.4(NOTCH2):c.6449_6450del (p.Pro2150fs),NOTCH2,P2150fs,Hajdu-Cheney syndrome,"Pathogenic(Last reviewed: Jul 14, 2021)","criteria provided, single submitter",VCV000463176,1.0,120458895 - 120458896,1.0,119916272 - 119916273,463176,447244,rs1553193574,NC_000001.11:119916271:AG:,,1:119916272:AG>
NM_024408.4(NOTCH2):c.6426_6427insTT (p.Glu2143fs),NOTCH2,E2143fs,Hajdu-Cheney syndrome,"Pathogenic(Last reviewed: Jul 31, 2019)","criteria provided, single submitter",VCV000951363,1.0,120458918 - 120458919,1.0,119916295 - 119916296,951363,921613,rs1649066485,NC_000001.11:119916295:A:AAA,,1:119916296:A>AAA
NM_024408.4(NOTCH2):c.6403_6404del (p.Leu2135fs),NOTCH2,L2135fs,NOTCH2-related condition|Hajdu-Cheney syndrome,"Pathogenic(Last reviewed: Feb 23, 2023)","criteria provided, multiple submitters, no conflicts",VCV000946387,1.0,120458941 - 120458942,1.0,119916318 - 119916319,946387,921614,rs1649067817,NC_000001.11:119916317:AGAGA:AGA,,1:119916318:AGAGA>AGA
NM_024408.4(NOTCH2):c.6272del (p.Phe2091fs),NOTCH2,F2091fs,Hajdu-Cheney syndrome,"Pathogenic(Last reviewed: Mar 6, 2011)",no assertion criteria provided,VCV000030055,1.0,120459073,1.0,119916450,30055,39010,rs1557802353,NC_000001.11:119916449:AAA:AA,,1:119916450:AAA>AA
NM_024408.4(NOTCH2):c.6193_6194dup (p.Asn2066fs),NOTCH2,N2066fs,Hajdu-Cheney syndrome,"Likely pathogenic(Last reviewed: May 22, 2022)","criteria provided, single submitter",VCV001687588,1.0,120459150 - 120459151,1.0,119916527 - 119916528,1687588,1679880,,NC_000001.11:119916527:TAT:TATAT,,1:119916528:TAT>TATAT
NM_024408.4(NOTCH2):c.5664dup (p.Arg1889fs),NOTCH2,R1889fs,Hajdu-Cheney syndrome|not provided,"Pathogenic(Last reviewed: Jun 26, 2022)","criteria provided, multiple submitters, no conflicts",VCV000593268,1.0,120462051 - 120462052,1.0,119919428 - 119919429,593268,584332,rs927740391,NC_000001.11:119919428:T:TT,,1:119919429:T>TT
NM_024408.4(NOTCH2):c.5345del (p.Asp1782fs),NOTCH2,D1782fs,Hajdu-Cheney syndrome,"Pathogenic(Last reviewed: May 6, 2017)","criteria provided, single submitter",VCV000463175,1.0,120462986,1.0,119920363,463175,447170,rs1553193977,NC_000001.11:119920362:T:,,1:119920363:T>
NM_024408.4(NOTCH2):c.5123_5132delinsAGA (p.Ser1708_Leu1711delinsTer),NOTCH2,,Hajdu-Cheney syndrome,"Pathogenic(Last reviewed: Aug 6, 2019)","criteria provided, single submitter",VCV001028812,1.0,120464940 - 120464949,1.0,119922317 - 119922326,1028812,1015500,rs1649314295,NC_000001.11:119922316:AGCCAGAGAG:TCT,,1:119922317:AGCCAGAGAG>TCT
NM_024408.4(NOTCH2):c.4174C>T (p.Gln1392Ter),NOTCH2,Q1392*,Hajdu-Cheney syndrome,"Pathogenic(Last reviewed: Jun 4, 2022)","criteria provided, single submitter",VCV000845754,1.0,120468265,1.0,119925642,845754,822625,rs1649449471,NC_000001.11:119925641:G:A,,1:119925642:G>A
NM_024408.4(NOTCH2):c.4025_4027delinsTCT (p.Cys1342_Gln1343delinsPheTer),NOTCH2,,Hajdu-Cheney syndrome,"Pathogenic(Last reviewed: Jun 9, 2022)","criteria provided, single submitter",VCV002015161,1.0,120468412 - 120468414,1.0,119925789 - 119925791,2015161,2071811,,NC_000001.11:119925788:GGC:AGA,,1:119925789:GGC>AGA
NM_024408.4(NOTCH2):c.3508G>T (p.Gly1170Ter),NOTCH2,G1170*,Hajdu-Cheney syndrome,"Likely pathogenic(Last reviewed: Jan 4, 2021)","criteria provided, single submitter",VCV001177430,1.0,120479919,1.0,119937296,1177430,1166691,,NC_000001.11:119937295:C:A,,1:119937296:C>A
NM_024408.4(NOTCH2):c.3415del (p.Leu1139fs),NOTCH2,L1139fs,Hajdu-Cheney syndrome,"Pathogenic(Last reviewed: Jun 22, 2021)","criteria provided, single submitter",VCV001457269,1.0,120480012,1.0,119937389,1457269,1478004,,NC_000001.11:119937388:GGGGG:GGGG,,1:119937389:GGGGG>GGGG
NM_024408.4(NOTCH2):c.2653dup (p.His885fs),NOTCH2,H885fs,Hajdu-Cheney syndrome,"Likely pathogenic(Last reviewed: May 22, 2022)","criteria provided, single submitter",VCV001687415,1.0,120491135 - 120491136,1.0,119948512 - 119948513,1687415,1679708,,NC_000001.11:119948512:GG:GGG,,1:119948513:GG>GGG
NM_024408.4(NOTCH2):c.2235_2236del (p.Cys745_Asp746delinsTer),NOTCH2,,Hajdu-Cheney syndrome,"Pathogenic(Last reviewed: Jun 3, 2021)","criteria provided, single submitter",VCV001451302,1.0,120496295 - 120496296,1.0,119953672 - 119953673,1451302,1429556,,NC_000001.11:119953671:CACA:CA,,1:119953672:CACA>CA
NM_024408.4(NOTCH2):c.1668C>A (p.Cys556Ter),NOTCH2,C556*,Hajdu-Cheney syndrome,"Pathogenic(Last reviewed: May 5, 2020)","criteria provided, single submitter",VCV001068831,1.0,120508089,1.0,119965466,1068831,1058398,,NC_000001.11:119965465:G:T,,1:119965466:G>T
NM_024408.4(NOTCH2):c.901G>T (p.Glu301Ter),NOTCH2,E301*,Hajdu-Cheney syndrome,"Pathogenic(Last reviewed: Oct 5, 2022)","criteria provided, single submitter",VCV002029083,1.0,120512341,1.0,119969718,2029083,2081876,,NC_000001.11:119969717:C:A,,1:119969718:C>A
"NOTCH2, 1-BP DEL, 6460T",NOTCH2,,Hajdu-Cheney syndrome,"Pathogenic(Last reviewed: Mar 6, 2011)",no assertion criteria provided,VCV000030056,,,,,30056,39011,,,,
